B_1d,B_3d,B_5d,B_10d,B_20d,A_1d,A_3d,A_5d,A_10d,A_20d,symbol,date
-1.1373185072473424,-0.4926424256707196,0.27629925891456963,1.483963654322995,-11.547396050065917,0.07790463394072855,1.1270880910273284,2.0566967689786275,3.616233328824059,-9.064057343760378,VRTX,2021-05-26
-0.6887384800431495,-0.6780872910953195,0.696519688809516,-1.8096487394530736,-4.670374955633438,0.3501368087709178,0.9351203590105994,1.0365078147775098,-0.9925095560304076,-1.5951491904288018,CLX,2021-05-27
-5.187914822615802,-4.700843555408096,-9.803997099492832,-18.80804428151742,-23.193533442728665,-1.3643696987405196,-2.277875914256078,-5.930210999843111,-16.79532510830957,-15.780898031126256,CHR,2021-06-25
-5.343112533878968,-0.5069428856496749,-4.338743240979603,-8.063376296270153,-0.12664907444532858,3.0813328917737026,3.7368745931524394,2.9466949252424435,-1.7357088292122125,2.5805196325233704,PCG,2021-07-26
-3.829682285365865,-6.457494204035607,-12.727957927501187,-9.03634099355849,-5.15031286250458,-0.10121266275882057,-5.9115689623633,-4.547650199214948,-5.260964948589064,-0.28721165569303153,LVS,2021-07-29
-0.01502508539962255,-1.4562195022758795,-4.143575257781206,-4.0845429126442845,-9.261310607826944,-0.7279908680899561,-3.012048766721309,-4.155559526320351,-2.9249484130912107,-7.983758461449975,CPB,2021-07-30
-10.272700483075138,-10.688031865848867,-10.060676255675128,-8.38527096077527,-11.270536734344606,2.3994721345354852,-0.26064141159571896,1.0869544957321065,4.704586551097045,1.0492951581117405,CLX,2021-08-03
-7.140631456030711,-11.045454899719754,-10.910614299904996,-14.403024422429812,-14.674754504405108,-5.481212553769222,-2.789457535473394,-2.920354369247735,-6.8122482246933735,-6.584436904909541,FMC,2021-08-04
-1.878618017852629,-2.197200873816463,0.9781204033119106,-1.1107293442188748,-0.5680609911610901,-0.9830896785204657,-1.3854435673817833,0.877370588681714,0.44014765068904893,1.8277183977338574,PCAR,2021-08-05
-1.5514130914997093,-2.247825359944522,-2.650292889163819,0.11414231738506864,0.33972293009634225,0.16996215063458386,-1.1870235302292587,-1.723697276937597,1.0200683662701993,6.494890967344079,BAX,2021-08-05
-2.6068242553916376,4.547196220426164,-4.538613550853632,-27.07833059459623,20.725006111010224,2.0734213143212665,4.27104083083043,3.3009093488467256,-23.138319410954757,25.362306306153528,CHR,2021-08-09
-1.7199951269990743,-1.7231624387555544,-1.1817522532607372,-1.2679457221804524,-2.2765083186843893,-0.7433950454269866,-0.2429024260456769,1.4111815226547253,1.5763973959021516,1.69451920767193,HRL,2021-09-03
-0.9120650113134121,-1.3597968776588587,-0.8916234995862693,-4.25021113127968,14.216424380868187,0.284004081903666,-0.5582192145231368,0.071054058275144,-1.9854194030319183,14.268809883788503,TTWO,2021-09-13
-0.7733829673983394,1.0905593402788627,-0.5063663987664446,-0.8280255408330883,-1.4574969842760965,2.080189624864759,2.481016810514125,-0.04271674036077089,1.1203884029987066,-1.6030025379178414,VRTX,2021-09-16
-5.477297521222802,-3.1936108499941884,-1.4242294598317606,-0.8253894088035119,3.205412870493518,-0.27853285923031823,0.5007965600400288,3.965868398077621,4.582778881273053,8.4274314293876,LVS,2021-09-21
-1.3187917947704464,-2.7636960958194123,-1.0067357533204202,-0.4534171253665287,-3.1027949415620815,-0.8853001217416834,-2.3132962979890426,0.20881650050694756,-1.206081060836639,-2.2090384891588544,FIS,2021-09-21
-1.032375161486021,-0.8913235832199495,0.13453376124563654,-0.13312238266550702,4.369831611186448,-1.588686054488242,-1.594813471848533,1.1180417645685115,2.4999396195732215,4.324096787281607,PCAR,2021-09-21
-2.1463753151404474,-4.3646751093554315,0.0024205625619444504,12.770037285605508,12.330468481081837,-0.9925484782138838,0.6177287827445532,18.458212571246378,14.374623848539791,15.328234428887377,DLTR,2021-09-22
-10.095980770113377,-12.459168787470777,-11.791306197963491,-10.90643726454913,-12.94798166054074,-1.2804780259660253,-2.2092642291599573,-2.704870915531077,-1.4499937095543092,-2.349473738969654,FDX,2021-09-22
-1.9402557401695275,-1.8883323311282174,1.7439292663288475,-0.5799689079824422,-6.841401241933975,-1.282691464592678,0.3667966594074423,4.231108955678331,2.319101083024677,-4.221433196793289,CLX,2021-09-22
-1.9561654952072294,-2.2472984481315295,-4.1781384850897,-5.50329782612885,-7.925444990675845,-1.2997846822761505,-1.850948860528523,-2.6762784547155416,-3.359797718229207,-5.902827687071932,MKC,2021-09-30
-1.3030206528800714,-2.472601960122678,-4.825990737756259,-6.4477069582283715,-5.516940342591559,-0.581593321400109,-0.8292756569857729,-2.4237416915693144,-3.4842901161447726,-2.2530699995077175,AMGN,2021-10-06
-4.251245863975184,-3.710681950352246,-1.0827589345334454,-4.357229035120991,-21.208692575040587,-0.1036189902512974,0.48028312160617315,2.2986567910520783,-0.667306870954909,-19.050285579517745,GPN,2021-10-11
-1.267040873374059,-2.9379214900687067,-3.651304160989177,-4.067402968295497,-8.882812396478846,-1.382804684601735,-2.294933060920168,-3.3930451771709946,-4.03220400022235,-7.58939039898705,VZ,2021-10-11
-1.6663605262918102,-2.732820688822646,-2.259309697767631,-1.2536618115999376,-0.8671687490177105,-0.1622952071353101,0.010614078835735619,1.8890811902730231,1.730070717217158,0.2974861589019051,CPB,2021-10-27
-2.965486237317261,-4.4511009196772084,-6.281952936728862,-9.147845057299165,-9.335791426355666,-1.5675605205623944,-2.0314639592048156,-3.950829276128931,-4.64501794024551,-6.103155603039645,ZBH,2021-11-08
-0.35275092883231274,1.2611364331492125,-0.001707670962303176,-0.4334672668552586,-7.096131063722977,1.8575500546046064,1.0360961026255389,-0.5280361893912788,0.11023097190143716,-6.614204646433586,T,2021-11-09
-0.9330380110643355,-5.0087571321321915,-8.788958043043472,-14.643846321022592,-24.03091163676141,-1.6015605760127172,-5.04554873909453,-11.653238073382932,-10.752739723216731,-27.07074709220604,DKNG,2021-11-11
-1.634467452215671,-2.196263763381856,-0.802881512903586,-1.9705966279895621,-1.0565874596660252,0.6907988966346257,-0.33039974963393615,1.0381597011271615,-2.086398944869405,0.8432700079000766,FIS,2021-11-18
-2.508753359617988,-1.2614536653818953,-0.937859057860535,-0.3150757406639171,8.503116237801844,-1.1065343669125927,1.6453297864077565,3.833092401787197,4.275545436387063,12.873370239917792,CAG,2021-11-18
-4.11713767330486,3.112257831657328,1.6542525345225823,-1.7722648775418959,7.695973874265505,0.9476212342725887,7.0434004978930265,4.578540585514923,5.843293785469406,9.743373544621347,NOV,2021-11-19
-1.2493552495989824,-1.1032818642755848,-1.0051416030777527,2.162688845799965,5.540411089814745,1.6032429517590208,1.8745380269486245,-1.5551256245659224,3.0731151148283953,7.32206750867862,TMUS,2021-11-22
-1.8516460593658857,-2.648148170866438,-2.375196725835238,-2.3653649333918554,-3.0196990093830034,-0.7167686557344788,1.1176731466117973,0.313822932755059,0.83414818651526,0.6087168931081188,PYPL,2021-11-22
-1.4605849993435172,2.574887718753671,3.392033196388411,9.712772523007196,8.955259586446074,1.044587414642617,2.7446534049910265,5.862970847623272,9.208987261761271,9.30498507752382,PTC,2021-11-26
1.1063835224720209,-1.474889425873505,0.356999539417302,2.9141887782169418,8.29153597340957,-4.841308784286735,-3.692770132154599,-2.3974288111427544,-1.738920699585278,2.887646199908822,GPN,2021-11-26
-8.731983954301679,-9.642508855743825,-8.695179550189891,-4.153286811641543,4.559442081572818,-4.6822689207679735,-11.073238605938885,-7.350047872064158,-0.06577465754791234,7.026600696229047,CCL,2021-11-26
-9.126283475365458,-10.830299951340638,-12.76886832202515,-4.732843060787994,-0.2015849558383298,-5.397283232404937,-13.841772163065547,-12.108308579160653,-0.47913004084414457,0.57856869369044,NCLH,2021-11-26
-4.3838608824957825,-7.751955080499117,-4.679329162204482,2.8629478187420787,-5.4811763906709166,-4.548918110290057,-5.463538925328804,-0.2858104598330691,6.239557093960091,-2.6892027467950053,FTI,2021-11-26
-4.022048487091745,-3.671242340339331,-6.604689434829346,-6.79663451353546,-7.936170834788903,1.6243962457324401,-1.824488633161092,-3.9883552575111008,-1.26969034403005,-3.217215591843947,BIIB,2021-11-29
-4.570031746124958,-0.9495461673263761,0.8377268155181139,-2.8651839965907477,5.838925685041386,0.967167260386248,3.8576946364392684,6.180403808248336,8.604786129376208,12.120279702618442,BMY,2021-11-29
-3.7113866161227915,-4.4087870183814335,-0.8163896830738482,0.8547404872786046,-0.6814301930763378,1.0608671567979733,3.0773956006424075,6.484703795782565,7.097479223961312,6.0642856874684625,UHS,2021-11-29
-0.022994836277645536,1.1370055150441871,2.9824906525334205,1.34850871749006,1.9980867240391165,-1.9908415692259318,0.1425824704416656,0.009525309285129957,-0.07614500983628147,0.3893253164247934,DIS,2021-11-30
-0.6664558649907448,0.15935601015056866,1.7350572391862773,1.6193493488553479,5.951436951732504,-1.1062848560493665,0.704256102724532,-0.25537768660037763,2.593950799726996,5.777251920738745,CAH,2021-11-30
-0.3101465662400993,0.41932407998374055,3.8651635709503918,3.4684353050251193,7.9582605955950125,1.2903335726663134,1.4675570872066945,2.6359478171501527,4.92327788273581,8.3703207862454,AMGN,2021-11-30
-0.5561247283259352,1.5646212732938092,-0.6407631938499136,-3.476908186045169,-7.484089206303435,-0.03732087070029699,-0.7230240930852228,-2.449200168080923,-5.230871389171055,-9.936095744875884,HDB,2021-11-30
-1.5890828890951947,-2.9292693862440156,-0.06206214636687024,2.9496087286269512,6.036997558655454,-3.017013014900915,-0.5355677744157239,1.72590078220769,5.171343151148711,8.114024221336823,MNST,2021-11-30
-1.300545784719731,-1.1706513448661915,1.214271396915756,1.9154736588521848,-7.6117578051832275,-1.9231922794671896,-1.2770516967533174,0.425675539788517,0.9724279274986314,-9.002469178731342,MDT,2021-11-30
-2.3363707199067556,-2.430136653781678,-1.7973114587171213,-10.42402726472773,4.152079545584408,-7.5838222677395475,-8.655719207888678,-6.264882900651503,-7.26349400623384,2.4500251760044556,UBER,2021-11-30
-1.916816205087657,0.637930883737714,5.26778403684256,7.903144308811894,13.07441556854776,0.7321315179409038,2.7208551349274357,4.143199648782914,9.670888673239908,13.931395475269227,CI,2021-11-30
-0.7449197368148419,-0.2505078892044543,0.10846679980025531,-3.0953306240890655,-0.94967218307489,-0.33481524693221854,2.291532706485233,-2.217897155434523,-1.4151302293653023,-1.4967192152191444,VZ,2021-11-30
-1.1046638426375766,-2.7760594524140143,-2.2100805831745673,-6.301117800701895,-3.851812723064907,-3.262532650945515,-4.871175185391607,-1.936976107854771,-9.588534170186492,-7.662805914029535,MTCH,2021-11-30
-2.757607984055521,1.478106977313054,1.152593277629932,-0.9841231977886666,-1.0421597877999567,2.4856783955167883,4.446602956791024,2.4892777117993203,-1.8159201425713256,1.7193401819290521,ROST,2021-12-01
-1.7019644682789603,0.38410415048837354,1.3197671039199,3.2564197546709694,6.099378421596867,0.5780705565655575,4.358015074930077,2.718257219812026,4.035321151109494,7.420351152100112,SYY,2021-12-01
-4.774519945966649,-2.3374270994334423,-0.8221791283885782,-5.725949403326258,1.2963582109279281,3.1757555086809885,4.902841763187715,3.1826212146703448,-6.700895100240745,4.594374276983549,LYFT,2021-12-01
-6.8382725044848875,-3.9129252221631106,-0.18542533334620082,0.8372694831356498,6.85107381538883,2.8320026606186044,7.6295255869819565,9.975028870525993,2.5534308989446863,11.12978030331846,RCL,2021-12-01
-3.7717600316440225,0.7932387660058549,2.7575211433297886,-2.8999286862828044,-2.2433149192775614,1.303737198574928,2.773657202190738,3.0087300803352868,-5.157850061217184,-3.064159155616508,BA,2021-12-01
-4.999650784800691,-0.6535730318826927,3.910727530354241,1.1393323394805366,-0.27924986695109233,3.8063095551604365,6.851578477669551,8.64285585846838,1.4138686382348942,4.211856577239015,WYNN,2021-12-01
-3.493442597652374,-3.2921739168752517,1.2786033517495188,0.393394230468469,-0.7722534050168095,2.2293061559075067,5.273525572110671,8.63519174669971,0.5237254812110903,3.787016729763449,LVS,2021-12-01
-1.6328289564267684,2.75283622703133,5.016184874082175,6.426392460234487,9.544463616391297,1.8954889037188671,5.828042370207842,6.356556579119509,7.41209748704339,10.535411492559055,MA,2021-12-01
-0.7522814144640622,1.785775481455265,4.226498658577782,6.653449936387746,7.4123756075211045,1.7444086283310067,3.722321005677509,4.62700203943518,6.116422702440595,7.406753658239241,V,2021-12-01
-1.8876661589526833,0.5946944742697857,4.346914623400733,1.2862374335079085,3.6045693863223427,1.1616598624464514,3.58308520803996,5.561844173410947,1.3462905533387026,5.7552007540789365,QSR,2021-12-01
-6.822171477087835,-10.070947094203419,-7.551119800890349,-6.873686004235746,-21.686406389828417,-1.1843223563124283,-2.7815469252790104,-0.742932323868839,-1.7788344201244533,-11.88105584279706,CHR,2021-12-03
-0.6414996521658556,-0.5275291631459234,2.5851328908189086,2.427992059911377,5.552367542923465,6.02393162457745,5.534447063144466,6.699704088701064,6.549785935875029,9.989187048882652,CMCSA,2021-12-13
-3.1953760294350264,-4.359682357598949,-4.73120009381105,-1.7899754061281303,-0.6545979261539325,-0.7498773648027202,-1.7852736027724747,-1.670987425435988,4.004003474637385,3.673970016227035,BBY,2021-12-20
-5.20688483241627,-7.408437670712864,-6.609938240877944,-5.924001494329723,-0.8836978125683403,-1.1489957938026985,-4.060038572758174,-1.3005378551633084,-0.5365323003627909,5.528110599521863,SON,2021-12-20
-2.7999676820176234,0.9495741156006487,-2.668229029564906,0.10215629371163049,-16.465772909834854,7.891988197672295,4.958266266604783,-4.885339992773951,0.04463504595787482,-16.996604671465732,DKNG,2021-12-29
-19.277346431457453,-14.886446305431477,-13.847115705785585,-11.357213162725232,-1.8479690455754154,-0.6563193445179305,6.323850308671863,7.965199588666216,8.642138903714947,21.227384495075196,HUM,2022-01-06
-13.004361518345098,-6.246069512721886,-7.008625492428733,5.868897785890614,10.419084461472682,4.135546029444392,9.793645478301794,10.96164669429217,18.770725095768626,25.006896415162515,TTWO,2022-01-10
-3.5205476416492076,-0.046245744317174875,-0.8178017164075846,2.81620289049731,15.257386278690667,2.336297433925205,2.6667696592688417,1.4073188435103412,4.983914821166458,19.83997939885873,TMUS,2022-01-10
-1.7048435485597313,-2.873827389384909,-0.25857315178311513,-6.4865583875314385,-3.292419918799017,-0.15049204840130725,4.307000309883147,4.600419327789062,-1.4178570412736184,1.839673620968552,MTCH,2022-01-14
-1.4717554426777246,-1.370140677247767,-3.9359543959303407,-4.801611484744162,-31.125789960047026,0.35820565802926474,1.7872746687018437,-3.0040622955114333,0.350044760682644,-29.980642264848147,PYPL,2022-01-14
-1.2211198321639527,-0.865724112234068,1.4229905411134225,-1.232816424835503,-2.2921899043315097,0.10798643802109043,-0.47695728284242733,1.4724191458235554,-0.6450769975636983,-1.4954443378600413,ROST,2022-01-18
-2.333112355045885,-1.9798822073399225,0.32488847480708394,0.8254576706676287,5.57134877852662,0.5266283650383841,1.5560909805785066,1.2724488366042892,2.9319421859138606,6.582150792396336,CHTR,2022-01-18
-2.9168855585592235,-0.1866346837302464,-0.9269454941515214,3.3515792701348968,15.468881108166567,2.8108967777562777,3.069207136388974,0.577093754341373,2.7365690318950753,19.668535845185552,LYFT,2022-01-19
-4.591030688261899,-6.140709071512872,-8.927043079297004,-20.26275665170605,-14.856545895947281,9.171977085375005,1.5695993801459585,2.920849293815597,-7.356196985437857,-8.58392196248895,ETSY,2022-01-21
-3.987135608108827,-4.953317039584704,-4.460096985870498,-8.420458304634092,4.137124150485372,3.563836065549908,0.9585598508017878,2.6748748878632878,10.96210498546819,10.641470024187438,AMZN,2022-01-21
-19.827413338014377,-25.15683178930357,-20.443673728203148,-20.163196601095514,-21.752297437492363,0.41929353415046666,-5.255871271779055,-0.7891976500890685,4.392539342526858,2.7785500086245807,NFLX,2022-01-21
-4.973665030176832,-4.777352575856065,-4.792728161427329,-5.108020227183385,5.7796344477299755,1.5335081753103497,0.14537060589359108,1.9195681151208177,2.8928336380395825,13.124425319177645,DIS,2022-01-21
-5.53695471196135,-8.91793572302133,-5.694939683538559,-9.966444539001174,-0.33099736166376514,-3.202435487520139,1.0502882259141977,0.019508133090018198,-5.225382036632887,0.8562171717818701,CHR,2022-01-21
-0.4228602948368243,1.155173312217872,0.3864270372575973,-2.5072817751199072,-4.6080312735806155,1.605131226741796,0.7687537995447524,1.3595005912817593,-1.852745685005197,-3.8799593229759455,BIIB,2022-01-21
-6.518456299283271,-8.64126728952428,-10.437372042628812,-11.192236796667576,-14.15131881177567,0.7520011916696934,-1.6392081322451735,-3.154667574202452,-3.9657048529294414,-5.305476340722516,ECL,2022-01-21
-2.8033624470619194,-4.081134672234188,0.7976213077657057,1.7860071720157356,-4.831561038505461,-3.2700518410237245,-4.105887672946739,2.788392765137826,2.502499081137244,-7.320706543851652,UBER,2022-01-25
-5.405100172011778,-5.8016465833126585,0.4718731014524913,-0.9851529421797345,0.6156029771868465,-4.157484191868832,-1.3292349159108818,2.7277678658215843,2.2283500659035838,2.5335582081768893,PAYC,2022-01-25
-4.313963453320923,-9.169263072444023,-6.711894551811648,-4.163975564151679,-10.022605053806744,-3.1947878312174383,-5.11492384925003,-0.519701796412142,-0.5459635317559108,-5.365810301208406,ILMN,2022-01-25
-0.6383324116340128,-0.3466623924937684,-3.3990477367923266,-4.490805550487953,-3.991141043447366,-0.2815095895687958,-3.451917831074547,-5.233080827581316,-3.2958362108634454,-5.292087340830176,AES,2022-01-25
-2.3102685400885448,-7.851138690948267,-7.890885476152465,-10.31745581255138,-13.218668894218677,1.1206395834218341,-5.635619985091889,-6.973886769397497,-8.803634722010411,-13.027053815127154,MMM,2022-01-26
-1.7656601120020543,1.9343330986026253,6.104469982617466,10.779357573210671,18.671411295602546,-0.13578305322110573,7.262272073811205,6.859678725367902,12.698796847744998,18.589592506596286,ALNY,2022-01-27
-3.828755254326677,-5.212476805535671,-5.384079723255675,-7.720078805519881,-7.6900138244457965,-2.2560594430897085,-0.83280526201579,-4.565384691495133,-5.289764813445053,-4.3262067967398625,TROW,2022-01-27
-3.559439602582848,-2.6058983780722578,-3.0837112072737316,1.0021599035101802,7.320844921303138,-0.49181238901339075,2.4226421620120453,0.835872094145107,5.335782172368987,12.814811498988355,XPO,2022-01-27
-9.80151696284558,-7.393175940812036,-6.440729832660496,-3.72823678359564,-3.1626333831724973,2.7030248868323836,4.453236418812878,3.11819313287669,8.860685134675562,4.092035572909792,WDC,2022-01-28
-9.001705087865897,-7.083313867865293,-9.040652501049497,-11.274968693076183,-14.442008476193635,3.3593359675245793,1.885534275857914,0.26270014144207376,-1.710907987484811,-5.230702679706967,VFC,2022-01-28
-5.266947702321978,-5.054684103175299,-5.3077262341523435,-6.558206600752914,-4.421609464003106,-0.6630654633699717,0.43021170482848703,-0.6715908700904438,-1.6580780788003735,1.4549158114223193,HON,2022-02-03
-9.676773786041915,-11.923206356885574,-8.690029712888014,-10.32968099181909,-9.633901622262043,-1.0086838287424738,-0.5651581412465356,0.31400899342581834,1.1548027954698448,-2.777825705693171,XYL,2022-02-03
-24.039611936726736,-28.162242869622254,-28.214906183300116,-30.609266573162028,-32.42939847771144,0.43201611897936143,-7.266209362501863,-3.5456002498972072,-9.465328131897122,-11.626148442647377,META,2022-02-03
-14.94344512963416,-14.350273969786297,-15.100420364680911,-9.554918620277997,-9.228109661546913,4.563071212963066,-0.13776774117326696,4.531442716715661,10.561277489681142,10.252123209311925,CLX,2022-02-04
-1.4500248659758408,-2.034938922017604,-0.7620221316763209,-0.38438822265118855,-2.4532512703170135,0.153141896232456,-0.10330916729552886,0.635838906188968,1.613200561434136,-4.448650340674932,SBUX,2022-02-04
-8.764792672438592,-4.233405420655956,-3.553117302888708,1.75131354721495,4.3661781054640025,9.371170716679234,8.713020559972783,9.379775920864242,16.98944910297695,16.522917334633135,ZBH,2022-02-07
-3.3621025599318903,-6.074596682335843,-6.514272331737102,-7.831505429872598,-10.754355767569036,-3.2633949979920196,-3.955620974546936,-3.557310442342521,-5.678064734874566,-8.738866733504537,ZBRA,2022-02-11
-1.1939771188496096,-1.0861827208486274,-1.9349924717971807,-2.179701842415649,-6.565664441584973,-0.31373358363814274,-1.279753550518481,0.15351945774670916,-2.7050909059309625,-5.605760173621355,APD,2022-02-11
-0.135056843063186,-0.40701683178621106,-0.6435267668198241,-0.9364130819073391,-0.2386466524826103,-0.9000477850961808,-1.523766166231788,0.5385756705471922,-0.707597915441005,-1.6213407988973638,CMCSA,2022-02-14
-2.465031687311947,-4.3493641470404025,-4.892687575764908,-5.54904476610455,-4.437454987209122,0.14721038962884903,-0.34547164931615315,0.31059438440494924,-4.472678080047777,-2.640247810309415,FIS,2022-02-16
-3.3942000398910817,-4.031284834155068,0.5791725570046586,-0.8628008255635033,0.6101402666629174,-1.1289498435375411,-1.4629953032162852,3.6794336879304224,2.4211887876759097,7.158789671597842,CRM,2022-02-17
-4.670981063026192,-2.6811470664037778,0.13641946042195485,2.1698945878149245,-2.275104344445611,1.0731469029245488,5.908021067783354,6.1825566890762795,10.098868168309094,3.3839129945432367,INTC,2022-02-18
-20.975344635789003,-7.5582304002349225,0.4767589911711223,-5.091510811533318,-13.08357188661833,12.892696692926897,32.67389866881544,41.88337378962592,11.979754978394343,10.364854865706196,DKNG,2022-02-18
-6.254675933951925,-4.908039289585853,-1.6477925120547132,10.572399702624136,-1.296556565403506,-1.2991705894971894,2.896716360360485,6.181903549924628,13.697914264765256,3.610175115240488,BBY,2022-02-22
-2.6922893828380645,-3.2639946710933176,-4.421018181932624,-14.636925076082086,-12.925191682746608,-0.08814566399446555,-1.544478055585219,-5.8931445000695915,-11.837825582040427,-10.698666064869787,GM,2022-02-22
-0.44927985458337316,1.089119304430275,-5.689719318954601,-7.462956218956696,-0.7062905219744398,2.2726592690958336,1.4742463106266257,-0.5007740173839537,-2.3635564633917694,0.4950238817385877,AMG,2022-02-23
-0.9695259858515493,1.6720313206345816,1.8396477525623123,-8.117820894597717,-5.414266175664495,0.34574722193192464,3.5053052322025824,2.382760449385102,-4.095368421855872,-6.569867384369921,MNST,2022-02-23
0.41936213688400503,-0.5588877692865424,-1.4178049574332885,-2.917086569112038,-0.6004710797871793,2.3027673379318436,3.381488450980852,1.6309490331023468,3.252583762996042,1.3329275295253185,FDX,2022-02-23
-0.600455283905732,-4.074592736325178,-4.478064319597053,12.927676691473167,11.488404372257577,-0.04363018141197994,-0.4301686705701746,2.0345014591726995,13.950720877835975,16.54620099764328,CAT,2022-02-23
-2.072605206942346,-3.0060964707704363,-6.615951196260816,-6.355504688694635,-3.802181933258275,0.43139921346329047,-7.5519413027205,-7.241134645588587,-4.852620040687938,-2.6814952846363482,IVZ,2022-02-24
-15.290489920800542,-16.2691075705644,-17.23311515177466,-9.226127999525202,-9.938691807012257,1.9209943342494928,-0.13526850262476353,-2.0427255497108887,14.249230986400873,9.380575668038516,MTZ,2022-02-25
-3.9139201596165685,-5.904806900849802,-7.896100055424971,-8.855671774986506,-7.822801534960277,-1.040522659755505,-1.038880352635596,-3.794197292022772,-2.5521487146951687,-4.147310253955849,JPM,2022-02-28
-5.159141999645101,-8.756919743208314,-10.873571767575076,-10.746028860396938,-11.977114406813904,-2.7089322817894113,-2.8477978431504902,-9.377409782575729,-3.180779013226932,-6.662932228516272,PPG,2022-02-28
-10.88560841261006,-5.313108053087789,-3.2227827173271555,-4.58129436826944,-9.798929678332314,2.38996945400356,5.223902299770311,6.917034114761722,4.307342454274809,-0.4052665846992598,HR,2022-02-28
-3.9053251741557715,-7.539712990031478,-5.79267513388776,-2.544190152467163,-1.7526689706394372,-2.722907104478434,-1.8078401777390063,-0.9795280825758539,3.1964937172928027,2.2669440777460137,IP,2022-02-28
-1.0760791956673565,4.123690285691717,-0.12451586123647385,4.876310133113859,-1.4875925504901577,2.973480885995139,3.287063769425469,1.1377614518716994,2.2247307395210303,-0.6388460128447848,CE,2022-03-01
-7.109113441872461,-8.339713449593544,-27.62677674138747,-21.42453367262558,-18.569276775862498,2.6230789105637475,-12.631851603898724,-19.819675718567645,-15.779242764469727,-9.402297857006236,PVH,2022-03-01
-1.372248846427715,-4.067864743740678,-8.43001839921066,-0.34574097961640504,-7.796137517798963,0.10843176031054558,-5.204618894719448,-4.815470370363506,0.9693519645498583,-4.745245993081282,HDB,2022-03-01
-2.018949039077844,-2.9525569196270807,-10.005916542254035,2.1382579665021546,-7.4243056108895145,-1.3863061974330293,-10.323448530686964,-8.434182476164498,2.2989798145581553,-5.977812363513979,CRH,2022-03-01
-1.228210057214385,-0.4006777690156227,3.8628434706314163,5.185367619762215,2.187303179215605,-0.6992356367681696,3.5016820882647792,6.575035313817179,5.892539251379336,5.018084395747269,PPL,2022-03-01
-1.5758653727732774,-6.253036832596104,-4.46763347858079,-3.1356158182330396,-3.291598756114733,-0.5689968216671892,0.058392075775038244,-0.8462261261244164,-0.16813978531109441,1.553883355805863,IFF,2022-03-03
-2.7593680576839086,-2.5170134461542144,-3.66781598054785,-4.115572389124833,-12.784255812380842,2.028704874468823,2.6061477897276975,0.5056534678763547,1.2380891938836402,-8.467487911768046,C,2022-03-03
-5.214875143159892,-14.140088514707683,-7.036350800986558,-14.926079269391746,-3.713657418354388,-5.200964597599023,-10.19753722004937,-5.300234950656568,-8.537729808860085,1.8309680254321004,MTCH,2022-03-03
-0.5986150456612549,-1.8885519084723024,-0.4052068756934535,9.446772264239357,10.14266897020746,-3.037817517113472,1.754237844029427,-0.21312005765055098,16.105713102430386,12.046923112288011,PYPL,2022-03-04
-5.49141596382301,-9.542333011438863,-1.7469350719934051,4.8582047700983955,13.909808108369504,-7.477239636519828,1.9167942546008399,4.663548170086617,12.722621012717596,21.95518852669163,NCLH,2022-03-04
-3.3274146521417025,-5.381999500930967,-6.548971555376415,-4.932899510128886,-14.46924954252038,-2.646868960748161,-0.5824597613517835,-2.034483489933137,-1.085959076917864,-9.635380350993394,SYF,2022-03-04
-4.754469793082383,-5.168557389491624,-1.0630602330066963,1.5803987499698025,7.743220349288872,-4.822628299483133,4.411150466902425,5.192407278965494,7.788355514749724,15.051643244413325,BKNG,2022-03-04
-1.3038748338352169,2.616935649233132,2.4030712449264358,1.5874681980648786,-6.879404695087543,3.4216816093045943,1.956722201472394,3.9336011744379173,1.2168505748388014,-3.5609870373786157,CHTR,2022-03-04
-3.429002572402495,-3.5030041546419977,-3.190896908286922,-0.5206073409388612,-2.5748949970755053,-3.603480443661111,-0.26299326363192765,0.14833824127272743,3.3410568450624067,0.24786832515297785,BA,2022-03-04
-2.767844341773096,-0.09920519192519972,1.2251768338156332,2.194182972965275,-4.916806283858666,-0.7624649784849225,4.011085586849161,6.871124376708837,4.627011750428478,-0.818812787160339,GE,2022-03-04
-2.190070941508116,-2.12318756625689,-3.7179579303152965,-3.131488540145577,-3.3431386500378357,-2.4596403625687158,-0.8116408872758551,-5.544881018822457,-2.3276794463397588,-1.9820032652966724,NKE,2022-03-07
-0.9396480414697206,1.8976692967007547,3.0808642129142805,2.3727216252280137,-0.14169370037642182,0.5640013018118339,2.1012589299967077,4.851202488237472,2.429894665468301,0.24226472070445482,NWS,2022-03-07
0.006743787471208407,2.081814314629804,-10.925656023675668,-6.118377997799163,-3.166144794226211,2.6812574228820107,-7.2116659416546325,-7.1129488194569435,-10.126237926729587,-8.286520656852758,CHR,2022-03-07
-1.4818683819865286,0.6772982378032255,1.5745716923748265,1.6549114077636595,-1.289146772855232,1.351950141910585,2.3675476839597476,5.032604027790977,3.09501739803557,0.673922928956161,NWSA,2022-03-07
0.14569939996135206,0.6219470142583061,1.4288861757643656,2.8521903740178267,5.377110001322816,-1.0388572606115698,1.8464958434135426,3.9171674589170813,2.435502519086353,6.637898166065236,BLK,2022-03-07
-2.7507179356866307,-0.7366503673154945,-2.708459930666041,-1.0469107439616598,2.511512468555588,-0.4769361954579776,0.9458701350702814,4.909532796275906,1.6472374157949554,4.590239880418755,ECL,2022-03-07
-1.2550328067915228,-0.9313556924488764,-1.7342674757057082,-0.8732015526970338,-5.708239653074254,-0.3738457604404166,-1.114826178557804,0.30271576002305345,-1.25700761508043,-5.822873403424467,PH,2022-03-07
0.04950622404261695,2.314502270650165,-0.9505089172159531,-0.0009811614111621125,-6.256664495336528,0.9692460128275071,1.0424504214307628,-2.030255569344497,-0.1014458721914524,-4.911499109285433,PTC,2022-03-07
-8.931402169374525,-0.46239573568952475,-2.961527549151033,2.200017181960501,-6.059719223861126,0.8198912614769238,8.30765950354504,4.683036164949539,10.597442338657892,2.4766972597012096,TPR,2022-03-07
-3.7837840174444692,-1.0572060580477216,1.0249581786975992,-3.337104252619061,-7.765252482836438,3.904135267999753,5.227672980375453,5.874185949332955,-1.432224403526483,-2.54355109497566,TJX,2022-03-07
-6.534838261382303,0.485656253339084,3.9082104514215676,8.39915989281015,5.341056033050572,3.1645953110301717,6.846339704785786,7.263850834415364,12.436494686770882,11.473862137562163,COTY,2022-03-07
-2.1828341955123176,-3.922739811810627,-3.5745272205175316,-3.475673902914822,-7.7704696828263975,-0.1965663289948849,-0.9763377025421294,-2.4201953123166198,-2.070184602278524,-5.068234425217666,DIS,2022-03-07
-6.132537672263583,-1.1112081235992055,1.1188010111848112,6.276831852232244,15.074223608231053,0.38769907298816797,5.874623832894632,5.7352820691943585,10.499811478849885,19.526274003677877,RCL,2022-03-07
-9.27958200549085,-5.283782644069312,-4.533235681545733,1.432871366757249,-8.059012257219322,-0.7819250251588472,4.9227156491073565,5.453108551523433,9.22824225522345,3.5651740008132418,RL,2022-03-07
-4.689724788741712,-1.7023371059192827,-4.7118086492747295,-6.264457177369998,-9.075265092430996,3.534797861779748,2.674885693490303,-4.055921834756237,-1.9304132937375096,-3.12732127275821,EL,2022-03-07
-0.22295124412852196,0.2886648096528721,-3.118941766731664,2.0393993079033113,-1.8814151182854344,-1.5402782337960996,0.5501280217231841,-4.792275853632299,0.8068230777833696,2.6730444785586496,NFLX,2022-03-07
-1.8821259967104935,0.12871142268366942,0.9214813563040547,1.5420083505901294,-3.459656898096952,1.2027257016006931,3.37739463612845,1.2625934994489718,0.6371346190081839,0.13459095507608687,ROST,2022-03-07
-6.9185928833853545,1.3335771284085696,2.683756687082006,9.765336855687991,11.239872596272749,2.033689462640509,11.121350212660452,9.763041402396011,14.574518463407315,16.64480971291062,CCL,2022-03-07
0.680348645982165,8.244280845286244,8.383738052408473,6.289919414266776,1.2222822184990267,6.979108682144064,7.947097964097717,3.4572595119677585,0.8419997553771985,4.007747149998897,LYFT,2022-03-07
-2.278497140681013,3.464038174287032,2.871431036395722,5.3067707347121305,4.448866058864832,1.3395784275344713,3.6400815551949295,7.556093169976452,6.304312648960232,6.674677739147894,BUD,2022-03-07
-2.67412516617418,-3.2668527298698735,2.7198423779788428,7.540588364990298,7.176605125445601,0.26872395464668797,5.971775410885005,4.361450014651802,11.86987422340664,13.917131907420123,AMZN,2022-03-07
-2.341160477720327,-0.21172155656065117,0.7936240831928454,1.5100169391892404,-11.109061070946247,1.2753236955497016,1.698724595297163,4.218512528385587,0.7492299778873113,-9.726895744370923,MAS,2022-03-07
-0.9186821642554133,5.705909184440417,4.688863929420728,10.887126966978776,4.03777973018653,5.656384783523749,5.476232469087283,4.865245647165817,10.924844735866724,4.604663480863547,MCHP,2022-03-07
-8.37236124981583,-3.8204516337703613,-8.2128417760996,-5.170542755549324,-5.914432027718874,-0.9813130425882055,3.378841372915642,-7.816753484087091,0.9655230850403207,2.846187629496022,WYNN,2022-03-07
-4.018878401888349,-0.5095115751951984,-5.262464850766824,0.7422389294055476,-4.869056468598565,0.9236300155343047,0.09160982051241717,-3.6203058349935873,3.733497656909246,0.4970685151184586,LRCX,2022-03-07
-3.9430642559225233,-2.5721327025637564,-6.2687846090507495,-7.674737551751343,-20.55191219352028,2.540123426510621,-1.9765029086209807,-0.9752030584061377,-7.506824168591553,-16.666628972119025,WHR,2022-03-07
-1.073875236818922,-4.912159845377251,-5.256968553565899,-5.779550119351673,-6.400357376184229,-4.558455339672063,-5.026581300425437,-6.642441243486896,-6.026363856222061,-7.979079973441116,BIIB,2022-03-08
-2.0494755485430893,-5.586504716342611,-4.059003084388446,-5.005260195350725,-5.391925358270888,-4.294293114748216,-8.093687426423223,-2.364662219521163,-4.9704352869035295,-4.112200626842232,EBAY,2022-03-08
-1.1877661985433274,-1.4604321969376444,3.5523641548709906,-1.235021922062729,3.4906900802171617,-2.373563884397778,-0.24840158342689378,1.8317179662194594,3.2684252072782805,4.097247483235968,SON,2022-03-08
-0.43663628420714806,-5.32562509056107,-1.6920938917244777,-6.013780755406817,-7.284341094169333,-4.364142879783928,-4.267183746731817,-3.96064790667775,-7.12114943124651,-7.85631889416205,GILD,2022-03-08
-2.1055702075219673,-4.079448821948373,-1.722011290033021,-0.9043984358166446,19.879602184124437,0.23885309814075661,1.2626269995652306,2.8850893167569716,2.382520786523701,20.228802249173114,LULU,2022-03-11
-2.5792712411847774,-1.2474830424487493,3.3666664076352326,2.339410426330212,10.6394982386121,1.1112122967942062,3.3977584559664376,7.348090652085304,3.9575502235238638,12.053433467719698,ILMN,2022-03-11
-0.5869879360215657,3.6200051723962456,0.8680183954166365,-0.9575427220680055,6.458086096849502,3.1310866409838267,-0.8798417890489851,-3.1975489230484877,-1.4183496706465348,5.026445298465498,CAG,2022-03-11
-0.39549689886662076,1.8963358870930147,0.5329231968571602,-0.995433719740002,5.261497660178804,1.9102557470644266,0.35173390015463823,0.9486613666270571,-3.693271007075527,5.427699941754449,SHW,2022-03-11
-3.8703069062913436,-4.1011236517076615,-2.43160547991228,-7.758405934615431,-2.6644264725108835,0.2808604481191579,3.3139137950854547,3.520334895261957,-3.6826976428188773,0.8590711079062396,ADBE,2022-03-11
-0.6552550358412512,-0.28672347386515806,1.1027128543905862,-4.735326045142285,-8.605114711234684,-1.89660511403702,0.9623750932130415,0.10734108337391302,-3.8131357355664974,-8.112681844162928,EXPD,2022-03-14
-0.8465518829784635,-1.4640466896448379,-3.7280695385419005,-6.009160822722359,-9.498064787992844,-2.6052564308089665,-2.5964104033739277,-4.794547845320651,-6.310209513693943,-8.17042320754824,BEN,2022-03-14
-1.1014272863415275,2.8103468195235237,2.6807912121177946,4.063178098533626,-2.683282121018715,0.5520160659706397,3.5098649917363547,2.583935862404685,3.7268614902306485,-0.657509991030425,WDC,2022-03-14
-11.15821586479623,-3.372228646282105,0.8250056742702183,-0.4669579371355592,-8.168018176583791,0.7643814251133918,12.039933594680406,15.074106851863588,12.93346933107453,4.642441343357762,LVS,2022-03-14
-0.4948500687488089,5.532897665745606,8.886338891114566,7.9552402469604395,-5.212104727524891,1.5272507596676865,7.424753989877897,6.616639614155927,5.741469490952911,-5.167116356177126,TER,2022-03-14
-6.8722718242482435,-6.763859440322517,-7.530407374662462,-7.442137378519442,-14.812904730811315,-0.8297647898261928,0.3009003048966452,0.38685958820381394,1.3616917318970643,-6.122122221258818,TTWO,2022-03-14
-4.995201465947529,-3.086919359780893,-4.4229473019954835,-1.7828675260468385,8.168532778271576,0.7765273151011054,0.20269200441773716,-0.2347045956360816,1.941828249605826,10.182750608709512,CL,2022-03-18
-3.782662358195143,-5.649011892975608,-4.964165855768887,-5.052170194449356,-4.774869183822904,-0.6279896527164541,-0.7624216465306755,-1.1884974345859,-0.34585059371482485,-6.182863361286396,SITE,2022-04-06
-1.3769017297517228,-0.02619182945926557,1.5343802558343,6.6796814150577255,4.917394306195034,-0.7737212618073475,3.306659718133087,2.9315997393462467,8.021639833743466,6.712835697147246,GS,2022-04-06
-2.4436960880657166,-0.9428102287924234,0.639708734085287,2.335374972669335,11.908790226683708,-1.7583590650367076,2.3904324450520598,2.307336010422545,4.9168189730193435,12.327138099852286,EXP,2022-04-06
-1.9643547656329474,-2.1015443536822276,-2.2880160495768354,1.092801761304052,11.936060995805796,-0.6913659588606458,-0.1923224803935364,0.32583313079153076,3.2636834510001873,15.429481316645644,GLW,2022-04-07
0.6948933229353305,-2.1869489745556803,3.0827165109074017,1.5600105327105984,5.659406508303865,-0.5458336243004513,3.2527698291469065,1.9362001251881589,2.958020792930627,5.51832353439291,USB,2022-04-11
-0.8195082703950529,-0.5424515038746414,-7.51025883737293,-1.8169855262938128,-5.432253882405925,-2.176815745126237,-4.359117816758074,-6.727764753627207,-3.4340390326976005,-1.9806962046033938,XPO,2022-04-11
-1.184600876612607,-2.2490713085183245,-1.0224504164957793,-0.21685198028765829,-0.6328774865626663,-0.40374021585074527,-1.147065620353771,2.4825980144436155,1.1117064012258426,0.654939829766132,CARR,2022-04-12
-2.4882195055221823,-1.8920375155697,-1.7521038122395804,0.8869007250141054,15.511000528160201,1.02750346448095,0.1243403958918532,5.857977868131425,5.316032885462296,17.035602086192057,WAT,2022-04-12
-4.101511131924829,-3.1879225858610027,-4.767354352070474,-4.733166359344533,-1.8569514917811123,1.2735911297588665,-1.0606278179710271,1.816394495794471,-1.2554810256484306,1.3930872937841894,A,2022-04-12
-3.2721999878255636,-0.7357441971743706,-2.8103069677977155,-9.181862531529418,-19.00744995173732,3.50496485417926,-1.5127406507841723,-5.776579903084788,-8.299859919605312,-20.29114248651526,ETSY,2022-04-12
-1.978808717892655,-2.602575469199331,-8.262866742996922,-1.6026958791589552,-6.538334810015057,-0.7262044653968625,-2.679978980375508,-6.275186523784626,-0.6730187665836658,-3.120409838230943,CRM,2022-04-14
0.3182547416691994,2.6105658853024627,3.7451952879271944,0.3856633127096831,4.223467259277192,2.1789841606419946,3.122130552491864,3.591048111761641,0.8698585873175073,3.003172936445008,JPM,2022-04-14
-7.252104331020725,-9.973818760501661,-8.797612539252953,-13.413672769275522,-6.885001718313633,-0.2557776965274483,0.25728399228059917,-2.2396109396160546,-4.264668254526571,1.088597552969949,STT,2022-04-14
-1.749846004517952,-0.21909313878587522,0.18311254960809986,1.5881484401507717,2.8547952098493266,2.065546174282451,3.210431942493641,2.9505853313542274,3.979847991816599,7.67023314686872,AMAT,2022-04-14
-7.9514945099299466,-6.775031984724877,-3.8005472463504275,-0.3898212682537201,-0.5573923292922398,1.270367136309436,4.504354035924529,8.193164416820053,10.057964096393835,9.717254422271104,HDB,2022-04-18
-3.97399525378912,-5.066938265701316,-5.230436419373108,-16.94813765527219,-6.8746925338899825,2.51741555782814,-3.1178696468949996,-3.188969061711888,-13.881592865476287,-4.845653891621216,CHTR,2022-04-18
-2.0424571342001263,0.8080513579509674,0.5121638397914796,-6.824644333394502,-3.7172778474937616,2.4800011708908,3.260148968035814,2.049042720802041,-1.8900208545529313,-2.4794483452620266,DPZ,2022-04-18
-9.818326515701292,-13.417896856987722,-8.884312942641216,-9.415781428979809,-11.310350613581022,-7.907339640413723,-0.1369224246368761,-3.8973656851410743,1.372650985916113,-4.273103898751961,MTCH,2022-04-20
-2.0282180626367774,-3.554671488430428,-10.474992312152164,-6.286758148138038,-9.779047187967615,0.6274432509903671,-4.878906124302929,-7.043392833333884,-8.934221764336847,-5.573831586572064,NFLX,2022-04-21
-0.013907643841293282,0.9111620523590047,-0.6027906034966053,5.352784692606038,1.4214569906083394,1.514329956114402,0.8806352680030711,-0.5882951409773796,3.7484564937430247,2.914107990621284,SBUX,2022-04-21
-6.216723093640664,-2.012708914959394,-4.6908820867693874,4.611698598062441,0.9587006438471324,0.03931231702458682,1.822984250985249,0.12070119295913839,5.67444546932564,9.221946995326812,DKNG,2022-04-21
-0.8406636897862141,-0.06594858265067671,-1.343550225181878,-3.2079752125792287,-4.387820087786045,1.2940079318337627,1.4799645435805697,-1.5931702483912957,-0.6303952196943348,-2.962813191423164,DIS,2022-04-21
-4.300215791065287,-3.859816976795804,-6.780172237572047,1.2220011611987491,-6.788132505309706,-0.9125274637867942,-1.252744653550752,5.4699200828997485,1.20742023794479,2.1184948296648294,PYPL,2022-04-21
-11.592262712906422,-11.97787029021342,-15.078774947567831,-15.033215703416223,-14.851947042246062,1.3500175783987878,-3.910571265131857,-1.095427262261706,-6.713809305338957,-3.927357217014583,ISRG,2022-04-22
0.30556726637872567,0.4404405963962077,-1.320475937108645,0.630940357169063,-1.7618320119508706,-0.19566433003463946,1.2379691927474235,-0.04484763234905431,0.41267073059487736,-0.6833481945459425,PNC,2022-04-22
-0.34809821137837815,1.0287895167535588,0.5297690517178211,-5.306726993935573,-5.811609013669118,2.911286892397791,0.8052342846532445,1.6563920201994375,-5.3916062169466095,-4.8778143379416115,ZBRA,2022-04-22
-0.04121753359462854,0.1463908698619676,0.7274110413294066,-29.87908084814952,-32.35331802793097,2.647048081016079,0.17113599091118648,2.5344404592409275,-34.11428901552811,-33.40207963874845,LYFT,2022-04-22
0.6382956902460712,1.227176706392663,11.729954322675274,16.28176218847924,12.806478886537997,1.7515692051081055,-2.1991547394164206,13.003786088964498,14.96467322492604,14.461997223038402,META,2022-04-22
0.4967006487797798,-5.099361182286777,-6.648924896844944,-3.4530113910380305,-10.253965001601008,-4.028020543695099,-4.838052078177591,-3.6010762219366614,-9.193282797662704,-10.994061671823143,CHR,2022-04-22
0.4026953383149512,1.9809349676494725,-1.2295337082536828,0.43117977487057146,0.515591978529395,0.5943849752651831,2.615693222562565,-0.48561858664455393,1.0822547495729973,0.39265443580485027,TFC,2022-04-22
-2.183646790748228,-3.8344629645443833,-3.228225022037734,-5.018543483453952,6.126186087305373,2.5274899087466274,-1.5690476932494812,-2.6602433858986196,0.9641376293024306,7.349314453199819,CWT,2022-04-25
-0.8123810055514102,-0.6919240256775594,0.531363977646615,3.053573415122013,8.751405961062229,0.52897150918787,-1.8300091049708422,1.0177741405857255,8.990652055065373,8.936275399369753,BAX,2022-04-25
-2.638234274520223,-4.863293595061869,-2.445072617263611,-23.762656037648455,-15.827567660794772,-1.3287787225242709,-0.35823723301727783,-0.06397267959630248,-22.856729176092863,-14.75944840733706,ILMN,2022-04-26
-0.9587607074793891,-0.5980945362262902,0.6328484762471054,8.186823468880998,4.028788493361146,1.2395898081547507,0.515513604709994,1.7749211233367923,6.251644024313308,6.660617306536742,XYL,2022-04-26
-1.2066069150475478,-3.1475958110434354,-1.2510444317497371,2.6036058563754905,1.9987333386417454,-0.8321531475779853,-0.3419714528315021,1.5395137767502343,2.8365165998643027,3.251487014990317,CFG,2022-04-26
0.8740536785214137,14.667847772109411,18.259127145834963,13.736998355597297,20.445128427503754,-0.6791038556728801,17.514261719054723,16.849333952830083,13.780853938493241,16.21409698583175,PTC,2022-04-26
-7.439899696186402,-13.35468442325254,-12.6693286390676,-11.733616366367283,-8.671552272809292,-2.51868555432736,-5.827159358474432,-2.9923030672726947,-4.274543445700751,-1.5123466535713064,GE,2022-04-26
-1.0793053849993184,-2.960178088600418,-0.6065845725333419,-9.673100019766487,-8.529502003680067,0.458092612912675,-0.8874927584163861,-0.26444500353285383,-9.071212542675934,-11.517933877944674,NWS,2022-04-26
0.2670676051365506,0.8693138148357038,-0.8105871140451364,8.477626323266275,7.026409149401603,0.2434799609925209,1.2477075108544122,0.5481897193138741,9.05215853284953,8.88425305330681,FDX,2022-04-26
-1.0790207042527866,-2.0397071463231553,0.11322083862389531,-9.107398927408738,-9.198828224794807,1.2218259071239412,0.484335592149987,1.1852138704898207,-7.88596634749944,-11.746508242317944,NWSA,2022-04-26
-0.5863563846852826,0.9440343538960949,-1.0387339703294862,-15.149949226890424,-14.64403204143141,1.3011612444429277,0.9378692986461434,-15.514900476519134,-14.769588859440532,-15.832083267051978,ROK,2022-04-26
0.4021101057629206,-8.609341162877682,-8.233195276574856,-5.936492549360328,1.1808431467008722,-0.639856114067261,-9.886665643615189,-9.571897520661699,-5.573532798707826,1.885502023788765,CMCSA,2022-04-26
-1.287913095768145,-5.544072077035933,-5.407257007404231,-3.671182228375957,-4.203128256759037,-0.5854679207751734,-5.419657163004898,-2.23525262815083,-2.423512514279113,-3.1211826418370503,TROW,2022-04-26
-3.2529962388096907,-2.5124700631527275,-0.26504520558295885,-0.5944653461976364,-2.210743820891903,-1.2319934154359058,-0.2601935125853938,1.1395965688835608,3.7230557547315413,-1.0934655128784225,PAYC,2022-04-26
0.6533760162647617,-1.7700124008788065,-2.258799924493005,-0.04846533730996594,-0.6707086789455641,-1.0506322500938747,-3.1567421233914654,-2.238979195516344,-2.4631155997307923,-0.5662287339136327,DOV,2022-04-26
-1.5740509579328927,-2.5237419177211895,-0.1663215196121448,3.1627057512660817,-2.221119624744915,0.6851210214478209,-0.0070760844822492786,4.241919523894211,5.15874610054019,-2.706198368457736,GM,2022-04-26
-3.0759044283702908,-0.04588147727305758,2.000602077483271,-0.10149964414720714,-0.1190732560114256,-2.4951368407653995,2.3760398025846508,0.025720914941773643,-1.3957521385110194,-0.7135001444769422,IQV,2022-04-26
-0.6421485762281076,-4.901550187716874,-5.155358585446102,-19.863993044637795,-14.636539808240789,-2.148685681329443,-4.546928266775774,-4.397001130061606,-21.260409135538584,-15.187257786726583,IDXX,2022-04-26
-0.28070265995282506,-2.4268814701409736,-3.2321364216039927,-2.3049333238713947,-1.1228887489877373,-0.7640526307344908,-2.335932458876755,-2.401161963204157,-1.4696635291304938,1.036740558647752,BLK,2022-04-26
-0.6864823564224465,-0.6628443294544817,1.665250368021165,-1.867602099697307,5.635132710031376,-1.1630134590155716,-0.382234709622542,1.4621889384340614,1.9930066188324602,4.582877617947234,ADBE,2022-04-26
-2.1462770494080745,-12.166824340002147,-12.245159885814072,-17.13659180379964,-22.09755878793966,-4.492034456893057,-6.710786728877316,-4.823888933198961,-13.462423820469606,-20.61582733455083,BA,2022-04-26
-3.0608916690315846,-3.66088588993021,-1.26714615850253,-1.8183502419058746,9.662708475029113,-0.5163010022386838,-1.522497759990027,1.284579265142649,2.9124143466119246,11.104796402277405,APO,2022-04-26
-3.404940922268429,-2.78676077437755,-1.992649618711062,1.435708404577285,-8.67019673937467,-0.3050674378962226,1.3349026078212867,1.313399171067986,4.0995693320905575,-6.395869020753231,CSCO,2022-04-27
-1.53539285478278,-2.047486972828594,0.7013229815981514,2.1412678226959136,11.295573447110351,-2.3055504126670234,-0.730362396660833,2.9008554801494224,2.35182532006698,11.446844948909796,C,2022-04-27
-6.240497185064197,-4.769772122533422,-2.7746946195820854,-4.382124441568547,-5.841849643407404,0.34437711369188495,1.3603750665034053,3.9567276997859224,0.9625603780662901,0.8613569536830901,COF,2022-04-27
-1.478067119351567,1.0313704720306571,4.566750838142153,8.814066252474472,8.730590118845505,1.1068216092217087,3.8150025738396987,4.637641233651957,4.006710490706666,8.652964721695323,MCHP,2022-04-27
-2.2038818381077463,-5.308935752870559,-4.600785745242653,1.497407291439079,7.907998170761521,-3.1215472597768024,-4.383720968205685,-3.4826628830987083,4.212712204465552,10.006313576063274,VZ,2022-04-27
-0.8299037921181474,-1.1271426980664523,1.798246646668078,2.1949355865951814,3.1428584822632217,-2.308137753946804,-0.9376696694549214,2.3201586141701647,2.7180933768293,2.3459862912010965,BAC,2022-04-27
-1.327684903927262,-2.4910536364577736,-3.006589540070737,-2.6623989874262506,-3.937138762069404,-2.8469270590369855,-3.6283032842795437,-3.012061126259935,-2.7268888469476393,-3.089049484476747,HIW,2022-04-29
-0.29213435475734517,0.8828803193702828,2.6389265318428223,3.8561743149860277,7.50477344988617,-0.14026642103328602,0.5721440845553261,1.4874993034897699,2.668290794531669,7.509214885592574,NTRS,2022-04-29
-3.2429315541195876,-1.1284357997625394,-0.7570847310926943,0.47434670691843905,-1.180233822566235,2.234291650403053,2.3093828960008222,2.2877813412218506,3.0089706474394906,1.9126701255056666,INTC,2022-04-29
-10.353863545705744,-11.397055254488219,-16.2228004802647,-17.7579534531906,-17.921698554214505,1.1129205169289946,-1.2588382858427671,-6.072186032458838,-5.140405491357525,-6.718088398712118,AMZN,2022-04-29
-1.0712610263404083,2.309057456181962,0.9408850818529269,-1.2540067473644783,5.974192659496224,1.7945726594122524,4.519368781574219,0.7048765128568446,0.6626864620639217,6.730787792491455,IVZ,2022-04-29
-1.8739010573432968,0.576457875618186,0.43402904143964305,-0.5018872572994599,-0.6751741457608151,2.191094718451958,3.9542694752334064,0.4442067169841968,4.133067535696455,2.8984513835354164,TER,2022-04-29
-1.5452812278338723,1.1303255954000169,-0.23425062287619758,2.7804985265598052,10.114843229327708,2.323703178739289,4.758071667588016,1.7855442426133905,4.445576430698949,11.155109552547614,BEN,2022-04-29
0.6768278854979326,1.146140214630731,0.8380123173842069,-5.52048761797983,5.299929887605825,0.8287774228549427,-0.36434553194029107,-4.7890642620449615,-6.06415508082887,3.8335956699737217,TTWO,2022-04-29
-2.7202581418419247,-5.664917080224907,-4.791811430591608,-6.728392373264736,-7.656280807517246,1.3832002620680406,-1.7589068032548005,-1.4283080573452183,-4.213421891533697,-6.323792087180102,VNO,2022-05-02
-2.221170193319455,-1.268311880223183,2.2018959383143466,0.7773478249530452,8.855373892242135,0.6272948848585536,2.790183832824067,4.949305718896058,3.643217539276744,9.118393583613203,NEE,2022-05-02
-5.452174907102103,-3.8469169989218566,-4.908075416104207,-6.200519129576854,-3.3889445268131646,2.884822476811544,1.6980091171132083,-0.667339872155337,-0.41916686103614653,1.3472713477646114,MCO,2022-05-02
-6.255913634281407,-7.0516455024432165,-6.443671111078897,-6.216262329236921,-1.6760312963364887,1.2183332709494232,-1.399568434743026,-2.7616919030197806,0.24975327754408472,3.37612564949179,EL,2022-05-03
-2.5519643587335383,-5.397524259726527,-6.559893072026867,-5.229067176228741,-4.249631232186802,-0.9376434751505514,-1.883745931862768,-3.9220877980053688,-2.974561966206646,-5.089057037023903,SPGI,2022-05-03
-7.69405754364031,-10.326708871653024,-15.528557488647309,-15.94684262705981,-20.52739295283973,-0.1773566446687691,-10.095151922857204,-10.554203805941821,-10.741448498120043,-8.510845283661972,UBER,2022-05-04
-11.751461910846704,-12.761465919562522,-13.146844124977509,-13.473732783378889,-11.145889682917609,0.5293807956278762,-0.13902518556607735,-0.20029541352373315,0.7051902083018202,2.1829138208152687,JCI,2022-05-04
0.3062608493156316,-1.495148185336225,-2.0745094151332317,-2.5791160883129045,-0.5843095159888012,-0.46209254934996835,-1.7312641773544417,-1.0421014669789068,-1.158290299388499,0.8876756933277385,NDAQ,2022-05-05
-0.3472746985608399,3.0383406026315285,3.2003155184775913,0.20631392817120897,-0.3636030885450059,2.155793272307871,3.2685241263442966,4.503801054119938,2.1479472245122917,1.7552733751653116,AME,2022-05-05
-4.256919793993075,-0.3357225548061731,-2.5503082760196527,-0.9627529137119062,2.733718343599456,2.8617368455732595,3.2250110612242477,2.5762489795484895,3.257117282279087,9.441852926084206,PVH,2022-05-05
-3.9370981302019548,-4.5154607697294065,-5.473247332026288,-4.756054726640391,-3.615445642761106,-0.9323035496606735,-1.267188092675986,-0.5929825933446491,0.4976088374352585,0.37586312553858914,ICE,2022-05-05
1.6392957240455752,0.7917700716537635,0.4530944258156353,2.225626803983916,0.03160095905599958,-0.47695507267383475,-0.3237560958843644,-0.5388085761361747,0.6281220554011586,-1.1125580983500916,QSR,2022-05-05
-3.2964743840106063,-4.605735710617298,-5.675641890916106,-2.7539405647606934,-0.5149223957274907,0.39435322243738247,-0.17990340313026598,1.866538191193345,-0.8505461732180919,7.322538606689177,RL,2022-05-05
-0.4352321629218614,0.1253894813404326,3.928270253750087,2.2285468451546775,2.690682028646707,-1.1847617177460634,3.6910871226281117,5.497355263730907,7.305559720238685,4.641930673226769,AKAM,2022-05-05
-8.169365654108585,-2.28237917795966,-5.943811350394856,-8.749947090096999,-9.10253692162254,2.2844051543223,4.786390120578465,1.3550639860153808,-1.1573038256520682,-0.6614985682414698,EBAY,2022-05-05
-2.132589085545977,-1.522948645240163,-4.351943347851906,-3.010951248068295,1.3558006761864139,-0.2569082929223754,0.28774675205387457,3.584898064878372,-1.2168591846556502,5.080108291416529,VFC,2022-05-05
-1.7690546315327182,-6.063735569155792,-11.77793652321504,4.459587036014967,9.24428215783526,-1.4689447018753965,-5.125817117104036,4.058623500547831,5.852066564721292,14.209548255508675,TPR,2022-05-05
-1.0078471888605556,0.8993463254659217,2.0390391299139994,2.0897702129546554,3.4302990214456153,5.52706118711731,1.997687620074395,4.319547987259565,4.213408714093935,5.240364634966044,HD,2022-05-06
-2.892932024386363,-4.147402970842407,-3.856535070728606,-4.391306850590693,2.9984980502840153,1.643782518029957,0.04916355902208025,2.374126172224156,0.87848004488702,6.580745296375801,NKE,2022-05-06
-2.9579222261140403,-0.16689943961933906,-2.2597791205361544,-7.149923024163407,8.746210537940302,3.6909293780052477,3.2740967470654354,2.605542241371206,-5.6627702476907285,11.16476432665192,DELL,2022-05-06
-2.600628901535673,-6.429655568089299,-9.3100719309002,-2.423433989027002,-3.9695790503154638,-2.1970148736788047,-4.704773230046278,4.559896612157999,2.5630804259186846,2.991003104747003,WYNN,2022-05-06
-3.1658933827246494,0.4853270934113363,1.7785177398888181,1.863066620593722,0.5118770474149992,1.3644996564687317,4.529837342271181,6.557490470271265,9.779315147167477,3.0625329920022537,BIIB,2022-05-06
-1.2898883407449713,-11.40237088210344,-9.771178097969502,-7.997064874881833,-1.2313310731703941,-6.570703427927638,-12.348100391542417,-9.575621586697759,-10.786374328572967,-3.0545212591104653,COTY,2022-05-06
-8.881314351288816,-9.66818166763126,-9.429370811905525,-15.394980008980275,-18.792297046758723,-7.647464572357266,-10.724232293905079,-7.184340486510243,-15.521916430546824,-18.181652040559026,RCL,2022-05-09
-5.874349154265401,-6.1151430652669045,-3.8060106014119133,3.4374384990287776,-2.424805459802759,1.32984139093828,-2.4023480243631545,-1.543930444626318,2.9841012980719728,1.767507309875982,ALNY,2022-05-09
2.353334539036478,2.101923238364822,4.4733444911302715,7.549361897681228,4.734594023037775,-1.794391332428702,-1.509727459898591,-1.4615494804986362,-0.41382126177929024,0.25938962695239987,CPRT,2022-05-09
-1.6781280905977307,1.1079197435232442,-0.04614496085233455,-0.5735656991592508,1.150862950936915,-0.49358955644234204,2.0821331773949625,-1.274017694302887,1.4276046854642899,0.1401267543407636,SCHW,2022-05-09
2.0663673628052326,0.7889479008411189,1.1673000024656655,4.520986050100251,3.6930537871788127,-1.797487643997453,-1.5066159755969033,-2.1386753774570444,0.13388503076008362,0.5387138164917094,SEIC,2022-05-09
-1.0007594668738684,-0.16068779785493081,-1.0042029040149059,3.319914345879449,8.34330320108121,-2.0992892804037266,-2.9113987652516826,-1.8587933140828738,4.197916952609438,7.140941988936955,AES,2022-05-09
-2.5537759990686415,-0.8581392231678429,-0.3374985677653486,0.8172969968158528,1.5347034571957519,1.6679775907431749,0.28100348191972824,-0.2808921488468119,-0.20053157743615824,2.8363075104081092,CMG,2022-05-09
-1.4092378323432464,-1.0454485809564433,-0.49784052851146177,2.016481194767261,-5.078573775267214,-1.9545886112654842,-0.04766213754584525,0.532916443653142,0.9834878265280511,-4.758242767486398,SYK,2022-05-09
-0.8776361363630918,-2.4149227354825724,1.2438341948437848,-0.5203208239810131,-1.718685829382749,-2.7592541920263836,1.0901350829170209,-3.8611863967083493,-0.7842121476004271,-2.021718090684188,VMC,2022-05-09
-3.2972410580312412,-1.9691313616948545,5.201335610517843,4.418457397972276,7.842807664358409,-0.6323747350521991,1.3470742727865637,4.181854237192062,5.1580736719811675,9.139191410308012,LRCX,2022-05-09
1.8912223269950568,2.5053240277358775,0.5177862925850429,-0.046951318912579865,0.5527922017662057,-0.18966649516138911,-0.9771197181778657,-4.330491964501581,-3.079163554603226,-4.150554013447305,ORCL,2022-05-09
-0.8156005256244607,0.5020459894379261,0.02656981566148131,1.9830841437034286,-1.6123053336775772,0.8287947762409154,5.734770210642881,4.536473846924105,6.891243029684901,3.4426742045066794,FOXA,2022-05-09
-1.4458281267424549,-0.1593805144606506,-0.21900803092180787,1.7844196811475421,-1.5754106370761578,-3.4359641304519184,1.367090733987908,0.22999629254449871,2.6771634955106927,-0.6897841155638851,FOX,2022-05-09
-1.5395984264593099,-1.065011559211138,0.8183084826233755,4.571730045320665,5.547028895910722,0.0659295876543009,-1.5649580027321197,-0.11841971784465333,4.375124534204778,5.803382405393064,KEYS,2022-05-09
-3.689034185848905,-1.8298384151272948,-1.0487210011874692,2.246379553912703,5.757857969540692,0.06301886746875596,-3.848444948341556,-0.29790872315553774,2.484607577773257,7.591557184150455,KKR,2022-05-09
-1.382722748397835,-1.1050467281032432,0.12014932187858207,2.2706937895893176,3.8611508460950406,-0.7699326558677333,0.7187704955911589,0.27224224732311786,2.5413716135964326,4.088962778684735,YUM,2022-05-09
0.7358011985393653,-1.898971471356104,-3.0653046207602226,-2.5920269349931075,-0.59909412247795,-2.674821416419104,-6.663975608423456,-5.8833392472867345,-4.006938379741154,-3.828282491388335,LNC,2022-05-09
-3.8848726223616903,-7.029180562093163,3.47607441523744,2.857343097186471,3.4193308372549858,-5.16705553843918,-6.7015219223572,1.1935992000998485,0.8319413260226782,4.758604532119826,LVS,2022-05-09
-2.1242831770293846,-3.9479306613676606,-3.4514173279699967,-4.327013867697561,-8.09558815929191,-3.8406621616738246,-2.854295978088639,-3.0343647122079154,-4.743055553898934,-7.336978608820766,ARE,2022-05-09
-5.103103461694635,-7.993250484169334,-5.179789115440304,-2.923118046127316,-2.59647380340412,-5.2696275997845765,-3.5999815641284965,-3.0534881665692293,0.8034177660130148,0.32029725550106747,EQIX,2022-05-09
-5.072878258106318,-3.9379578965388795,-3.299505476167186,-5.0066457164828595,-7.940260717805558,0.40837632423531556,-2.5669273105116686,-2.9843100896254082,-6.247089756611258,-5.747127293525967,MGM,2022-05-09
-0.7583111292860489,-0.34742245328152066,2.318655405171155,6.305003334067916,5.708294775897893,-1.6738479656425609,-0.3474914587139555,0.5015127422944632,4.064404505146458,5.547566017293514,DHR,2022-05-09
-0.8887172422543439,-1.0254781303941094,-1.9884889905717578,0.9049519217316115,3.0749830181323823,-2.051150961965076,-0.7600148881588775,-0.6977786486750404,0.7128031036359395,3.7373566426116334,EMR,2022-05-09
-0.6162092037358069,-2.5442274298681298,-1.464765833140358,0.006195009230458126,0.577884000750073,-3.9034291128804965,-2.3754513683712397,-5.543091843426485,-1.811376708730883,-1.0618270058112778,MLM,2022-05-09
1.146278674860901,1.0283323803245144,0.4789707994088177,1.2648293313988646,-7.156707821796082,-3.336430708636995,-0.05543809734337435,-0.7465047461177043,-2.4610870164444743,-9.434132054770705,DOC,2022-05-09
-7.979183569464043,-10.36756474295546,-7.962805238190697,-12.247243394383778,-14.619460401960616,-4.4174102370154955,-9.00168001444298,-5.343801407029725,-11.164791965023957,-11.367431856674493,CCL,2022-05-09
-0.4476963006542989,2.065425533846343,0.6578016850372959,1.403750003119153,3.626647021878382,0.19575035742296354,0.7962005003752659,0.9095187250544701,0.18406485252464577,1.4890042589061236,CBOE,2022-05-09
-5.9046007102667275,-5.85376182235844,-2.2809539089151847,-0.5979509190528915,-1.0068992439762225,-0.16376032306149035,0.9965599531860048,0.7230585564798497,2.665403776395403,3.504018061698422,MTD,2022-05-09
-1.7434537685000477,-0.4792818836799384,2.579270226881436,3.0324899566227415,-0.40344834517561656,-0.3709519265049921,1.9958479580016508,3.2950500212976186,3.7274864955738063,2.1626071667894653,AMH,2022-05-09
-3.557044159318012,-3.445778747330708,1.4432234115273834,0.08674692471248857,7.728751225229025,-2.1992982273350337,-0.3634424942016601,-2.3121410494589933,-2.153168271131378,10.424077191252822,NOW,2022-05-09
0.9137045116390241,0.06667979655917655,-0.10002864986214943,-3.4219709219657,-3.0139347695667174,0.15388684814234832,-2.7425275621814293,-2.186885409350625,-5.501265979340165,-6.172336213907226,NTAP,2022-05-09
-1.76750849450249,1.4847744264891105,-0.35877753330932904,2.0767586642965186,3.1735623108129607,1.8670727290527878,1.3181769785166386,-0.3843024063632683,4.665554981473807,3.894550371846117,AWK,2022-05-10
-5.202296895702352,-3.3455617964147972,-5.088002765720168,2.8304348681267855,-0.6383174118193224,-0.94595305952756,0.7057886207367581,-2.720401465694744,7.081069586906752,5.840428052423951,TJX,2022-05-10
-2.2407138875695565,-2.0151520025652347,-2.1233903101190554,-2.724394072996361,0.7505097618321965,1.4227823585378774,-0.14677745214606297,0.8888782851960153,0.5727704299296699,4.166059620452667,PH,2022-05-10
-5.314269803792226,-3.2366095498191028,-4.208420092042164,0.41892858848603387,-3.0031607139084926,1.274630077870631,2.3158675324634226,-1.3316161938338178,8.547873931027183,1.2384273620865915,DLR,2022-05-10
-1.32777589666353,-1.690433451043738,-2.0225726656067367,1.7434005162603516,0.7382928711107573,0.11489212429778295,-0.07199299566209572,1.259128408014587,3.663388697473313,0.8696421687762745,MS,2022-05-10
-2.974552310442369,-0.9547351848973262,-0.858684267588472,8.245929527308105,10.758908735302542,0.824639335467392,2.0833339359900505,0.5797166815304955,15.465012767800257,13.745735586713126,AMT,2022-05-10
-3.650999315307535,-1.514945725682404,-3.886992098462072,-7.027587525379687,-14.23822790410284,1.0215836399167344,0.8372625261243716,0.64828336318834,-2.3039475690467826,-12.463477435645887,SLG,2022-05-10
-2.9534763169419276,-0.7703746172044501,5.484259946876802,-0.24407317463799316,0.5372978643390924,2.089261465426251,6.292533820602575,10.04642627178113,6.763090052251974,5.974932078496287,STX,2022-05-11
-3.9894968477781956,-3.341025714792023,-7.090789344685711,-15.904614159287899,-16.133879657197603,4.240783994490882,-0.8198967228808751,-9.631538221831281,-5.7418547228489825,-12.893258926537253,BBY,2022-05-11
-2.5327611506851695,0.6309636469211677,2.344055633016895,2.349532455355141,6.85837558071003,1.4710212499202457,2.7911868467109358,5.854331771379229,7.294955020359173,11.487446200982145,AMG,2022-05-11
-0.1093740683387856,-0.18935521189782367,1.769596934924067,4.048622524317125,3.828674402176513,-0.8657295638552553,1.1535127286653957,3.7714236176992544,8.5997966015243,5.609960908480294,EQH,2022-05-11
0.1675991047005887,2.0905119506454906,1.9418277985288501,4.607429753552883,4.359900240080905,1.875168495761348,1.7158339150088686,3.5953911366388813,7.219652150713917,3.453340583414022,GPN,2022-05-11
-5.129962982435554,3.5656061018569662,5.21443644269981,1.1064582173754278,9.211170118027523,8.039736684995713,11.116191683454701,14.414029049495149,7.322852616401954,8.93167735761087,MRNA,2022-05-11
-0.85414542701302,-1.0406602816224964,0.511664981713511,3.7457250006860843,0.16666346666984744,1.4419435551382032,-0.2953110926386504,4.0031731401302455,6.14076586939345,0.6985087079470986,HBAN,2022-05-11
-6.40561413248939,-8.010951390423271,-6.141866647687644,-5.11064229219147,-6.401654444150973,-1.791090053211386,2.0739282174378815,-1.6347785419672523,2.181425480667154,-4.869853889489451,SYF,2022-05-12
-4.110888849684679,2.4761271402786944,3.3394631690100485,-12.136120516419247,-12.977835993852104,5.38328793219407,8.68445870667711,6.7140954192749795,-1.0466791880087145,-11.910765834898442,NCLH,2022-05-12
-13.432766432123234,-17.004386525685334,-16.487189381760082,-16.420242234283034,-12.844598102595238,-0.3428099604869894,-2.319536965019209,0.4878208147501395,-2.3262099923318513,0.37542391132151476,WMT,2022-05-17
-1.9260404487295162,-2.029673945400557,-1.3966348527960974,-1.900000534026891,3.1674780123055135,-1.0154412449075445,1.1946291514950191,0.7683185309764973,1.659575448769779,7.626435681054633,UPS,2022-05-18
-0.5973781069146478,1.3235736316285824,1.4545688070921714,-2.224321545881569,-0.9294423786171295,2.0842724934376,1.8092052829397742,1.573720142969104,-0.35030129218800443,2.2741111030493473,VRSK,2022-05-18
-6.758423104332312,-5.7146991493107215,-12.169165952935291,-5.391571084492708,0.6631492247266335,1.9273414537836264,0.6287659355456832,-4.035949543934203,6.514394993003524,7.7931431479386415,LULU,2022-05-18
0.7859687123218273,4.491360814565093,2.3663189475066515,2.155735852163221,9.886563279607842,4.1385834419800265,2.690697020274868,0.9725620805061119,4.173350367115237,9.246983662253161,RMD,2022-05-18
-20.899170566830236,-23.25622551144104,-26.81255268770959,-27.605719033200174,-24.380802001886604,-4.248978726439335,-5.8612840298061135,-4.413512950277443,-6.738312961234028,-4.963606925670928,TGT,2022-05-18
-0.23393281135334298,-0.21100851984898839,-1.5555874299573507,-3.466238104079722,-3.7609854686369344,0.07910804888924261,-1.1912844611035922,-0.8561312232705065,-1.9484279445778574,-0.9332422266852829,TRNO,2022-05-18
-0.09915816782634046,2.459948322958116,0.7477280342396364,-0.35399288473590973,-0.7853700990238304,2.5720831417262224,2.8544135930318904,0.6635081847522484,5.45620887874858,0.6191976471655254,ECL,2022-05-18
0.34611698573205896,-1.7538169305103555,-5.699397941319528,-2.5085262105994044,1.723846875948964,-0.367078915445751,-1.4473121945797973,-6.77223239255772,-1.2352880058808413,1.779498293946502,GOOG,2022-05-18
0.10449987743279543,-1.9177756276413938,-5.483553847764044,-2.527010181729661,1.3719514839549811,-0.32759904273690355,-1.2405890173203815,-6.455431003438927,-0.9592312852116924,1.5891709541458798,GOOGL,2022-05-18
0.290136650802697,-1.1154822708330459,-3.1934160776830423,-3.365386915933888,-1.1918264106571153,-2.0382178775446014,-3.3585419871924094,-4.500761723162771,-2.870015278270799,-2.638647462604215,ETN,2022-05-19
-2.5809929185175884,-6.481738077447985,-5.347349588143102,-7.702754683045809,-9.045892770371665,-1.9895767632732708,-3.975308214012263,-3.1417905036942972,-6.358558924370983,-6.8135916402441445,SPG,2022-05-19
-0.4747326232132809,-2.805985281350687,-2.608385598904972,1.3929265377487843,1.9718228406770626,-1.8878831653352135,-3.530725829488024,-1.7242950324342088,2.507369188165609,1.65648569837965,CDW,2022-05-19
-3.40323412694239,-3.3033325538878056,-3.493933097381774,-2.625746150549224,0.21208803444524538,0.05696983244856124,0.47211700013047864,-0.5400110984881357,1.5987182944279255,2.522183253353105,NSC,2022-05-19
-22.51395897594185,-17.41578836602945,-10.229364616477554,-16.17849628580721,-13.39548799769852,7.095365197734527,10.591324670167012,14.232792987825448,7.272194802931797,7.627817697740258,ROST,2022-05-20
-6.863275892770382,-3.8096931427952896,6.261569442055025,7.312779008896263,20.291555447057398,1.2367485174389792,1.6091294074539908,14.539914848922898,17.59952821209594,30.0552333927129,DG,2022-05-20
-3.9235022843477356,1.0055064524367996,2.809769503110515,3.510269808199662,-5.1553748091629945,6.213544371507229,10.566190245708441,7.06052416610663,7.127716523285033,3.950273663195858,SITE,2022-05-24
-1.5576188984608552,-4.084213341716203,-4.354996484756402,-2.1932776592524803,-1.5277772450582372,-1.2503563864096012,-2.9589511650809697,-2.257770943539028,-1.2764856452140423,-0.08538983125289157,MDT,2022-06-01
-2.9071642090640393,-2.483051414347137,0.462869220697959,0.686310930653466,0.49587626481113567,1.9601585994523107,1.001028021214767,2.7573302357711924,1.4016372306634004,4.054765589785491,ESS,2022-06-06
-2.9150624816522304,-3.5520743155338934,-5.565454262303804,-7.512925628632159,-8.739218986345543,-1.7644658287538144,-2.492264661914067,-2.7064418194590933,-4.810234221052068,-7.288474766498508,BXP,2022-06-08
-0.5365578596882026,1.904340392988102,-0.08863309395541474,2.1182217835155948,1.8281363191876348,2.738650224657302,1.3703419504597187,3.892906024543308,4.367688503849509,4.46357834503599,BSX,2022-06-09
-1.3826395677039471,-5.419461773953049,-6.032638849771899,-10.379966827211671,-8.545898589518607,-0.5242537049132467,-2.601663920046393,-6.494095047061476,-7.460390187217758,-6.793884348863377,MU,2022-06-09
-1.3477898626365614,-2.5533977541682074,-4.389535548679258,-2.376244712361763,-5.1805182648709245,1.6883146034008423,-0.9228760791053618,-0.39377068400971993,-0.04408412650580562,-0.6876925706223558,FRT,2022-06-09
-0.08122533701122592,0.30740849763788525,0.4295282058658474,6.264317100485206,2.5645276161075485,2.988993902199477,1.5011071110647691,4.305867481370452,5.607745768951055,4.284795690815124,UDR,2022-06-09
-1.3710611517902316,-1.8788875053600158,0.1397577714859164,-0.3342696791831079,-3.284090447328814,2.9479045691292227,3.2381414813768328,2.8120922322079966,2.3951029927610668,0.7938994651419451,STT,2022-06-10
1.1880640280983679,2.8805807936280177,5.469025097636427,3.8582502860325163,6.9016413139386446,3.0660578407234906,4.334730397468201,5.140012115918546,3.8798091830893444,7.283008940204572,BUD,2022-06-10
-4.007174917339039,-9.543073231795297,-9.39744577760797,-1.131854384813069,-23.162989276527668,-1.4418974384306278,3.249855746853869,4.476230479788557,5.25116313768621,-14.500154142873455,LYFT,2022-06-10
-2.966158198573521,-1.3905241571308355,-1.187025621186299,-2.3236829191930934,-2.9954340364712566,3.543378951406806,4.915937520611823,6.045966454441776,2.357984855024009,3.4280410653869886,CFG,2022-06-10
1.0315014198836625,-0.8963477865983958,0.02650251151297134,-3.719518331590566,-4.707817278656456,0.5690597558369648,-1.056524182567975,1.5339853458940622,-2.3735358811199814,-1.165898938934451,NWS,2022-06-10
0.1535474959569516,-4.251799736029694,-5.334870707160899,-5.40417027642034,-10.254701317062022,1.5833309671631102,-3.1714129726444162,-1.6272793324314527,-3.5564741467708827,-7.233667179200931,UHS,2022-06-10
-0.3666167034259149,2.1411833960667144,1.2089170733006087,0.2716836785792709,-3.7168278065736082,2.92755553270575,7.018351668398493,3.304244130637901,4.6760169012993735,0.7832709250902292,ZBRA,2022-06-10
0.6704562382660928,-2.1105317735545697,-0.4977716117338762,2.2766958807938,1.8588513996841027,1.7717041108384235,1.2771436697163296,2.2587886386156053,4.3722710811561205,3.452024830852385,ISRG,2022-06-10
-2.754294719088357,-0.2586568422765172,2.3419177619666725,1.92682546896924,0.24463932866549687,5.345218847502675,6.687084031624558,6.019324807426285,7.6862382986440325,6.728583520084941,GS,2022-06-10
-2.0985638500022774,-3.0351888847883863,-7.792079966328757,-6.802891531167532,-13.489300056042374,1.8224729285022057,1.864454886981881,-2.8431228930015253,-0.7817165599191878,-7.819614393619523,AMAT,2022-06-10
0.6437776918273186,-4.0534056227280235,-5.823629861410883,-6.711801820863494,-11.697902803948235,0.961953818413408,-1.9517496377935646,-3.4419123364265998,-5.772446386806984,-8.867736344492204,HCA,2022-06-10
-0.9871704400343684,-0.6225650574683943,-2.3246746173791415,-3.751609336166617,-1.693484280647195,3.989040858237547,3.680376159985699,0.21722788137187354,-0.5447153705467667,1.5097628217518033,CARR,2022-06-10
2.216086993486832,-0.7571538322753595,2.3549093706619066,5.976916420969792,7.333672359051491,2.1857214052913743,1.3637953594257235,3.280620114858035,7.446471496754081,8.923598431003764,EW,2022-06-10
-1.8189138691446112,0.9160719443930034,0.24808751853382383,-1.986701724657658,-2.77515779070957,4.317061244386755,5.262707580357773,5.5049602326207925,1.3827026288398159,1.9369504673608207,KEY,2022-06-10
-0.3405845907793248,-0.4489149867713875,-1.0465956889264767,-4.7408660491010775,-4.7014664294933945,2.428273097133815,1.430377768163671,-0.9395039052763616,-2.19688982669054,-2.0275820064434735,DOV,2022-06-10
-1.6295222512515806,0.6741424594543295,-0.5166499319187441,-4.421699772878352,-6.647973287603837,3.533537232799211,0.9640418892807867,0.6970455902447048,-2.994478041685833,-2.8966809049185356,MMM,2022-06-10
0.5477794604892394,2.226139006101379,2.347451773378884,-1.0742498336673956,-1.0898621676120213,2.9123906677364975,3.3778579867615677,2.7019544439219167,0.34462298225717003,1.5951349664219627,TXN,2022-06-10
-1.5751849101219517,-2.54557389956679,-5.603809543855576,-2.583145467248649,-11.897204424375442,-0.8694490864123106,3.6644479335063873,-0.11141301589203678,2.1539195976349124,-5.002102513486162,GM,2022-06-10
-0.7696252900469713,-2.07071437332006,-4.908517774820698,-0.08685505587154863,-2.2514573330154937,0.5805085120604847,-2.00400849510145,-1.6031471986060364,0.2780439503340615,2.5408064438817934,WHR,2022-06-10
-0.8758558616870249,-1.9221334460393216,-0.06553908099630235,-2.933607482993039,-5.477783012143944,1.850305701732724,0.9469910130704862,2.3860995872222124,-1.1446737736685697,-2.22903514651619,DIS,2022-06-10
-1.135811758199179,-2.5535079569506074,0.8278945355901239,3.475354117462348,4.271101856774373,3.410978712301016,9.212251089307156,7.852407643279036,11.110258508232485,13.757326468458931,PLD,2022-06-10
-6.135061733749136,-8.75122061573942,-7.683314929543982,-11.195323079663876,-11.340001281802227,2.1766589387155033,0.7548930408320165,0.5617527932567867,-2.2264144943268227,-2.9408567878300156,ILMN,2022-06-10
-1.8477145643646886,-2.1319343007555,-4.024258861012374,-7.886781975900158,-13.238012870893325,1.2777580538407607,2.1867319648904426,0.7412209677705066,-3.9784749807406317,-7.297126191721959,GE,2022-06-10
-0.21939642091128864,-0.6515425401596886,-2.9995461410639237,-1.3496215519266497,-1.6026747027479855,2.248921855743824,0.5190301505943684,-0.9927436850558635,1.645216144322248,0.10100306284439586,XYL,2022-06-10
-2.5392348712635067,-2.5264967817969612,-1.469653817043847,-5.047694646268763,-1.8536072019878835,2.7727883792928787,0.6712827726583992,2.931196976162309,0.9038707328044904,4.550602532470394,GEN,2022-06-10
-3.1703006333916206,-5.412489880458537,-3.0984087998370597,-2.066147237574001,-2.875859264924352,3.822488787817857,0.6413850559733869,4.453468648462255,3.112263757561351,3.4697410641893356,WFC,2022-06-10
-2.269916299510399,-0.45651521947321916,0.6466095481919343,2.2006579786934433,0.8845396648114012,-0.21589815337239582,2.0111749102134757,3.773425108174,4.434196121430611,3.5694923809913126,BEN,2022-06-13
-3.5757037831985024,-1.0453483718623202,-6.185410816735026,-5.688809233208669,-7.454179423475204,2.0528067275290884,-3.9451130887978247,-4.8710668111190065,-3.4463499227973426,-5.461044705562723,F,2022-06-13
-1.401660122354098,-0.4469979988541928,2.971536047699974,4.133105568721773,6.156093529199547,-1.190073707984951,2.47524212826139,2.3332902194517446,7.8237139998581515,6.620831042006369,NNN,2022-06-13
1.5535334414677915,0.7521352675156523,0.662846474800749,4.539006851663863,1.9913297108216543,-1.1567668821357513,-1.8913999926057579,-2.7130015409703723,3.454297406770568,0.7957103837141766,PPG,2022-06-13
0.8086851331139178,-2.097117896579015,-1.645490676011085,-4.718414868122911,-4.192611922987422,-2.1098194577000684,-1.9611480599868947,-1.9312465973552073,-3.538499594305966,-5.011048274087826,OTIS,2022-06-13
-1.6382690031736864,-0.6485966105928775,-0.5056276875027743,-3.2663081835680563,-9.31372150247024,0.6321520355999977,0.5833218000225182,-2.1687767695867777,-0.8993385234411733,-7.1454791998331935,CCK,2022-06-13
-2.645056293797577,-0.823399333035868,-1.001879631108693,-3.5832052786566315,-5.126588835560219,-1.0839468366799943,-0.8812071638974905,-5.8593758759376335,-5.167444255458198,-2.987573830735446,META,2022-06-13
-1.6346704006994672,-3.4966934749591005,-0.7212804835006752,-5.129238971569161,-3.6730491483809136,-0.6540647682888867,0.44323383277697914,-3.5080412187083243,-3.282707401010021,-2.795301542793216,NWSA,2022-06-13
-1.6568902303140671,0.9136036809122006,2.608039443453525,3.135621172623715,1.4870009199637657,-1.503053633192919,1.7179879532945863,3.8587142521035345,1.1357776725761326,4.5025384877976915,AMZN,2022-06-13
0.8391274797308057,-5.315731519720302,-3.876364215983764,-3.4624106533834853,-3.217948348756628,-5.362836480922084,-5.59435253838183,-5.782311248137795,-2.912661619793444,-5.106203058882919,NTRS,2022-06-13
-0.5680812638749089,-0.7000036106385221,2.394102156192923,3.132630612428189,2.7354739159659136,-0.43677650354378983,2.480968787575899,1.0751247386019847,5.52290380899183,3.2687092033241383,MAA,2022-06-13
-1.8374392696607682,-1.5768043068573596,-2.655555008702481,-3.3626231733707157,-2.7673958655989317,0.13443020098712344,0.5144135554728813,-2.7256515568333417,-3.5093132256811432,-1.3231141526465207,ADBE,2022-06-13
-0.49910635596104314,-3.5392057269675976,-7.800772136094525,-9.041549385319126,-8.659640157885718,-0.29770484987203805,-7.451055485311619,-7.184837273067923,-7.274592812170432,-9.96834870095773,EMN,2022-06-13
-1.2260784116552177,-0.7643804792688225,2.2749549911578515,1.6517003139129294,2.1051677300261806,-0.3922197503473668,2.7783726629615146,2.2999010979479095,4.281214882714046,3.5860415702492654,CPT,2022-06-13
-0.4444624849643031,2.233164644089336,3.625412360475855,4.583547613812389,2.1479333881210483,0.5596937799900892,2.681855496646135,3.6007998598584834,3.2299618986309397,2.175512796379264,MSFT,2022-06-13
-2.7035725336289618,-1.333655060397676,-4.474276912043284,-5.544990116623449,-5.837147771891183,0.6966716197348677,-3.6701978063213514,-2.69087857780953,-4.020565494724682,-3.7143686958951094,MCHP,2022-06-13
-3.2161048912638375,1.4461140700848585,-0.7917199465877545,1.617882754232669,1.0707503769683546,1.684031758067317,0.6312671336010767,-1.49305136670429,1.0755007898843205,0.1589510061698718,XPO,2022-06-13
-3.2397498709931583,-1.656428799304965,-2.334450143171119,-4.357280422167054,-8.045181808139933,-2.175105248666076,-1.9052164977186758,-3.0482885450894837,-5.282947618118694,-5.4146489619752,PYPL,2022-06-13
0.20612369374648498,0.3435426263825425,1.9564876721910762,-5.303756774243262,-4.276344170120871,-0.5380573081819828,1.723057504268699,-3.0248378445333346,-5.750393284757093,-5.039153365128001,CRH,2022-06-13
-1.5721963414265012,-2.8877952308982935,1.3314195365325405,2.784569973514417,5.807758662453022,-1.3903541626760108,1.0399520490852243,1.7712090450748397,6.462909226543934,9.058638081745162,MSEX,2022-06-13
-2.31993946405008,-0.6866228080531833,1.269097317272605,2.6083540756292045,2.1870780920851374,0.24836679200617162,3.0389504241642107,2.621831923790774,5.9128745488176815,3.910447872468592,REG,2022-06-13
-4.021030958265015,0.0859010438412855,-0.709002541871862,-0.7388212042692799,-9.267320422176041,0.9688218518498215,1.40027699355042,4.85727402174736,-0.3495539871298803,-5.062063002634176,NVDA,2022-06-13
-2.2545190669042814,-0.3647450118010376,-0.33279130021202086,5.988062805550243,2.0528871769420753,0.47810973000904644,0.9242377213874886,1.782050610432484,7.711588305858941,2.3007568967546854,TROW,2022-06-13
-2.112233256390317,-1.9521925968765337,-2.4209804532606904,0.9007361066230235,-5.64895289719859,-0.9478318908078154,-3.3240508286410786,-1.1893319667106717,1.4982852709460426,-3.66278614364407,TER,2022-06-13
-4.015675864831358,-2.257512272147555,-0.9767873240455698,0.2848876285691526,-6.106959339738505,1.4851508331005792,1.7282354469823735,2.726836839497637,4.596920965351359,-4.01226024936604,IVZ,2022-06-13
-3.1977145193536893,-3.783390273560982,-1.8867819075573555,-5.0928783553034425,-6.153648319792015,-1.3073085090244851,-0.6689172555001788,-1.7668985862775544,0.6287071130689492,-4.119330834230883,HIW,2022-06-13
0.32981867036433465,-0.6572010343154577,1.967695547476389,-2.5923270772409523,-3.5775913358485516,-1.1397590343437902,2.00736186702688,2.4628063670405043,-0.8799831836330041,-4.841194095514501,BAC,2022-06-13
-1.1480325899641546,0.5512241377588212,8.132508626218659,3.4553069993719543,-1.212498252102312,0.02101163708992937,11.517850695273635,5.436347504212935,8.38727666733663,0.5776273397845255,HR,2022-06-13
-1.4680270191245848,-2.590825267690611,-0.8950850648920206,-6.680229864580167,-7.652743830175345,-0.6236212264129959,-3.5629533796549766,-1.2660701733118507,-4.521352593727368,-5.588128430056427,AXP,2022-06-13
-1.769209812630712,-2.4693482640561597,1.600950212892993,-4.638486951593612,-8.768362924280705,-1.892081143708102,-0.6102882694433376,2.683801094698768,-3.9723831778988195,-6.1164837470646045,UNIT,2022-06-13
-2.132798775450839,-2.406729752624248,-0.7199170814663036,-1.6441528705250397,-1.390456540268037,-1.1347548123404994,1.2301815697762453,-0.7144932169780294,2.9200498334655878,2.029993000479635,INVH,2022-06-13
0.8189753528706212,-0.7436464940601573,0.2823740149597853,-2.771823764636383,-2.7889535548047855,-0.988142964956018,0.3919360898352542,-0.20842480534417618,-1.7114758297442023,-3.751181741688381,JPM,2022-06-13
-4.974823937154827,8.010691815178806,13.452712489190755,9.108154960637505,17.745294981935377,5.024880528975373,16.55157540950586,16.780313188010698,16.957564961547654,21.945613709885038,BA,2022-06-13
-3.8101429079319686,-11.290157025601145,-10.349400555441289,-9.99340908622417,-12.92274428745245,-7.803969014336509,-7.754396141910913,-10.707126856400862,-6.436613928561763,-8.771440685080634,THC,2022-06-13
0.1980426135984703,1.366618455267432,0.09553708921682347,-1.5239689317417815,-3.1489262601211543,0.09088110705537389,0.4640032174560216,-1.1873542699878947,-2.550232663761254,-3.562427517518685,INTC,2022-06-13
-0.22960272142416027,1.0967768553660884,1.5294354419556067,-0.09013168676712535,-0.8852558452939863,0.3636804981496877,0.013467688287271962,-0.32602733984283816,-0.6358963518004357,-0.9589700224336362,GLW,2022-06-13
0.38960120793258834,-2.1246563265268974,-1.057752619628527,-3.137444246570853,-2.3537478513505965,-2.957216769801563,-1.6878380508353774,-2.418540271228131,-2.7280449948636987,-4.612592487933032,USB,2022-06-13
-0.8584448373387898,-4.75692107116118,-2.4105707119023387,0.7273785698056923,5.079684127546513,-2.8948098037718806,-2.6474983775365506,-4.166233224365068,3.421762797870387,7.46488477539109,AWR,2022-06-13
-0.43705017543398395,2.4468785526366887,3.2419402273775932,0.1313466396928531,-1.4325160197399822,-0.19659547521176934,3.742173417021355,3.3812793576518008,0.26314368528101983,-2.9515439497002305,C,2022-06-13
-1.1507437382049517,-1.1978470073225056,1.010664180335974,-2.7671884307326367,-3.04177112021834,-1.113877270124386,-3.323234494440974,-1.9769312432712627,-1.565887037157232,-3.844187634227858,COF,2022-06-13
-4.085570746316092,-4.004031921236562,-7.59875009527754,-5.014393804053197,-8.204695154272933,-0.5200702897918408,-1.449787957065407,-1.2320098325514506,-1.433395357119549,-5.4132896923912766,ZBH,2022-06-14
-1.5956243399852021,-0.46902037343261593,-1.129624399180984,-3.7622166859642814,-8.067151471269462,-1.465943481894949,-0.5974561618633967,-0.14854803739514644,-2.0088406184674445,-6.131422218933813,FAST,2022-06-14
-1.8432164428324516,-0.39974501328322587,-1.6910553672006001,1.924582838804345,6.611868115375374,-1.2786987197203947,0.10028028256510169,-0.6736501529625238,5.258385331812243,8.262325375418357,IDXX,2022-06-14
-1.5302854804106536,-3.097179648013326,-5.34976665011101,-5.553209584939022,-0.8453558151964025,-1.6430353252052776,-2.143166173369704,-3.8046870113276787,-4.009466956571817,0.2999151596166927,LOW,2022-06-14
-3.1909356705055347,-2.1092450117889965,-3.7271557854546167,3.6659963007983576,7.5279352573396565,-1.163280942747491,2.284813159564647,1.4666765307386864,7.517181633918857,11.298100191118987,CWT,2022-06-14
-2.5029023129011563,-1.3990382564579074,-1.866995974537622,-0.9442629904844679,-1.1744745660876799,-0.9655184350276791,0.0038562816300768965,0.5019329620806978,2.4120586286833,0.26557706332261954,ABT,2022-06-14
-5.4957546229618455,6.574498911042747,9.694209253006903,25.591100631348418,98.54227460550726,11.07435564632031,17.34472074331691,24.42832220961686,32.20498883851934,110.98275297842719,CHR,2022-06-14
-5.41334945950288,-6.547961903914789,-10.999853634701552,-10.77567000513735,-12.342191845157679,-1.4403768232779446,-4.191236629839434,-5.126508405241004,-5.1623511036257845,-8.032590040253684,BAX,2022-06-14
-3.2217379374488875,-5.7233820093987475,-7.8962783719191405,-8.062166722369678,1.8467258570715517,-2.603788541992069,-2.1340561941746605,-5.111628883284481,-4.893122256769833,3.9721347369767512,SHW,2022-06-14
-2.988519152316693,-2.6693498421609507,-2.980205436589267,4.308752680163397,13.067425499126962,-2.303122985601891,0.5121748649442481,5.804110553298214,10.16293954281009,17.239778730152477,CLX,2022-06-14
-0.10599878679405927,0.8349481354106847,-2.0460986091316857,-3.031338146893081,-5.632885725061265,-2.3016558975087364,-0.8072365891641176,-3.435583841776735,-4.0568143274674835,-6.571166367392056,CSX,2022-06-14
-2.0181068563368427,-3.823675415196926,0.6022970629011359,4.515105290651156,4.094099910002225,0.42135081144027975,3.1996814112385197,3.0323729661874577,9.121074961465348,6.205103173477644,SON,2022-06-16
0.09578125907703239,0.6491134172036506,-0.5836344366162871,0.8895696181417501,-3.0504397841725317,2.5110762071110626,1.85453893406744,1.7101057367245875,3.1048886865004954,-0.5351032147357326,PNC,2022-06-16
1.632785300293016,1.670759278626066,3.1643913042761262,5.351635101295127,7.421385271582227,-0.5455719195796127,0.523935413996246,1.9535549450171654,3.66624204860282,4.108767506661625,CTAS,2022-06-16
0.301391918378513,1.6810176144385625,3.7939585188819347,3.279809987181914,3.8612617916542913,2.3635516111872423,3.5518591266370914,3.0570501837711372,1.8120686965831245,2.5329397363717865,MSI,2022-06-16
-5.0175310855091535,-6.988094240355103,-10.592898126072157,-12.39505577867014,-21.08280098128391,-0.45176434632354656,-4.237909503083436,-2.9570544838250834,-10.186230420034558,-15.340401337903298,CE,2022-06-16
-2.5909386799653156,-2.327056544846662,0.5055111742892526,3.0981972979427175,-1.7042910166546799,-0.6110269675913882,3.8576859247674955,5.569292636524748,5.999966151588,1.342416603222052,IFF,2022-06-16
-2.222417136890953,-3.449765834190521,-2.671756316218321,-2.1332930744630607,0.6038179763005358,1.8946776496179263,0.05935005076751487,-2.4711008430959636,1.8495880679399335,3.036038723406631,CMCSA,2022-06-16
-0.4014934026382755,-0.33971491095867723,-2.618172979259137,0.9595306567273587,-4.659396520718284,0.6002945816993899,0.17116223005166908,0.5481385422615892,2.980608062653367,-2.461926716001095,PRU,2022-06-16
0.027252107464104114,1.7289648186026407,6.940163348315775,5.157842126822287,6.203368562783607,-0.5792986611935946,4.690121599270314,4.807866228478575,5.551169016913438,3.933739844287132,CCI,2022-06-16
-5.705331848372852,-6.569052729648062,-8.625594288038819,-9.404682362334492,-11.040093687562536,-0.7023263053159368,-2.8198314109934453,-2.250225236028669,-8.979430066824323,-5.9371389076467995,AVNT,2022-06-16
-4.184824134258003,-1.906058303473912,1.2352160937705081,4.434148466743082,4.144433078420073,6.275666175517625,5.4523258733152105,4.739922441946499,11.450320034790229,9.590853970029567,CHTR,2022-06-16
-4.809094152734595,-5.5083447921237205,-7.823213024153919,-14.282819976926286,-11.17389660672351,-0.969941015065301,-0.6540700565815571,-0.9002542472916986,-14.794668591244786,-5.547613509904048,AMD,2022-06-16
0.9542117556023966,3.1022529296851897,4.0056577708740715,1.6080503381922906,-1.9242380487733746,-1.0956899834246858,1.1674726142310021,3.4236870045945214,0.5542844921535117,-2.903571674794869,BLK,2022-06-16
-1.1013763981577496,-0.4908458471165389,-3.155086287166342,-2.5741192464855067,3.254635677387374,0.20796467748696035,-0.0316152204482778,-2.912945405298939,-5.19916174268057,3.1746175016400313,ADI,2022-06-16
-1.8868042811979517,-2.257296548701282,-4.485846935776904,-2.697132409106806,-2.675056357371719,0.39027493788090784,-1.8664947626096273,-3.8524222489031645,-1.893342836878742,-0.20643793637600272,OMC,2022-06-16
-5.4099114485486535,-8.506938995462953,-12.285797622473883,-8.443672034493666,-7.094497420533874,-0.325019663758086,-4.37591650487843,-8.673690587471917,-2.03010983375731,1.5415835321268112,EXP,2022-06-16
0.4095547385395637,-0.8399442138345647,1.1646254133615752,2.4666799618817903,2.1921746532127973,0.36858941571815684,-1.543074103571973,0.10710165783542891,2.9002836376229135,3.5024306345130753,KIM,2022-06-16
-2.0893740947027784,-3.344930655439216,-3.15212318244682,-2.835721339898434,-3.802224229443696,1.6104063366997101,-1.9434370226243614,0.13185683750955857,1.0853475764412979,-0.8277267444720238,VNO,2022-06-16
-0.9518586783516252,-0.37472334630161974,-3.6428713754887876,-2.3289096409190635,-4.009328588539896,0.884616918316028,-0.08406666173927935,-2.1219660076677194,-2.930042205001504,-3.3344667740148326,FITB,2022-06-16
-5.700600049840398,-1.7629367899173132,-6.847941758186205,-4.963877457250621,-7.249678361607937,1.588729702213909,3.828995837453153,1.0714932525287768,1.307227274604772,-1.0142999876817882,MTZ,2022-06-16
-3.049573891668855,-6.580526219486893,-2.9170909507292286,-0.6024709994765454,3.1986230609764688,0.1003961978279122,-2.8469924494869625,2.2716835295437665,4.292899468139488,7.152948380315793,MAS,2022-06-16
-5.960614025703281,-4.9134162656350515,3.39395651158505,-3.649907525333629,6.478696374823811,3.539808543507572,4.05220312355663,13.466668477929188,10.40608976192483,17.27635809525745,ETSY,2022-06-16
-0.314996824010616,-0.24045334049189737,0.1146684928241326,0.4566342980260707,5.073299183711999,1.4320886264417299,1.1337678446313726,3.089664610896415,2.1248274901932707,6.226047823412406,V,2022-06-16
-4.148337122159718,-0.722883530499141,-1.3367635423741975,-4.010464367058697,-1.4090724523384779,2.926783206865924,4.737370012110342,4.308753888581585,0.8729985385629302,5.039343262273221,APO,2022-06-16
0.008042011898767853,-0.192090918782728,2.805555642060642,3.771102023708983,5.359251259314801,1.348339483915395,1.9094479312713908,3.2997363563227022,4.693160921832851,6.856468373180636,MCO,2022-06-16
-4.482500177985149,-4.405650808760642,-8.47928080869983,-2.4263906092054977,8.178311790351025,-0.5697309201921241,-1.9426522760944254,-3.8190870382995845,-2.6906705213648907,12.07118458789791,QCOM,2022-06-16
0.49952999458381386,-1.0004266484668456,4.525372811214634,7.436187287391238,6.38312906439955,0.28961212496991795,0.3974726692790531,2.254014337553679,5.313342735625758,4.006381654288349,IQV,2022-06-16
-4.04576123942234,-5.092258523638671,-3.694110658620675,-5.669645864467054,-5.928167802831263,-0.3704717338189889,-1.5896330921250312,2.531682418774306,-1.7290219971513254,-1.5694860075224693,BX,2022-06-16
-1.7484835150112898,-0.006487704356528123,4.369278533732279,2.385263204563315,8.22677322172025,1.04233731635206,1.8946341185810622,10.352091819948916,6.90059617335257,9.998168963276921,PAYC,2022-06-16
-6.1758058536548255,-7.051423739259244,0.7632859942841907,-6.362600125065454,-15.281367389937127,-1.725865220186229,2.364060187448702,4.162863875394152,2.319838863255308,-5.837113306054698,MTCH,2022-06-17
-3.710355980697788,-3.738902811844802,-5.309526942500731,-4.074903273837882,-1.2443033952613147,-2.2321382995878603,-1.0840678884679766,-1.8257213120711935,-0.8847352866599989,4.998754570777742,ROK,2022-06-17
-2.3754977354179196,-3.3205410859221796,-2.4988973227287437,-3.099268360200358,-4.321782498946214,-1.9188627015354065,-2.085131840530341,-0.6583507716344972,-3.077596220391654,-2.0842056911019258,EXPD,2022-06-17
-2.1728007649863157,-3.561153880603385,-1.343625802454751,-0.5478290221342164,-4.315093009446658,-2.980602231192009,0.3276517072963836,-0.8285813956127042,1.1614708221676873,-2.969950898431817,A,2022-06-17
-3.0824790640045396,-1.6022549980550638,-1.7950541071000803,0.40125140240339086,3.5300756075488318,1.153550221884203,2.2332641122245978,-0.07624163129837935,4.272002846355072,8.227845652157196,HD,2022-06-21
-3.7182287263948233,-8.683946875498084,-1.2455044548948413,0.7486191900092143,1.1693141012687933,0.7841559380223573,5.813438520304581,10.626081333733751,3.018773966384969,11.401751783330514,WYNN,2022-06-21
-3.2784062185707064,-0.10977055857970264,-6.916500557318684,-6.275511917396948,-3.0164330587600263,1.8670880893025155,1.435269411076634,-3.2652681211680634,-0.9285074051782027,-0.22260551484485358,NKE,2022-06-22
-2.6375294345073352,-1.659235257133207,-2.260767724694479,-1.2897479651404087,2.5429910791134427,0.11613625096407176,0.3189714196975224,0.027468815608533426,-0.25806465807829415,4.3046172234965985,MLM,2022-06-23
-1.846819170592251,1.3301842022353183,1.0104681138352056,-0.8411636949365642,0.14771811194886908,1.0253773907014097,2.871852157819177,1.255915540504693,-0.3293194420446177,1.059462055300986,EMR,2022-06-23
-1.565697186081616,6.086431864241537,5.143271309807229,4.955068570645626,8.521151695676064,6.58467167917176,7.772295493331382,5.295926515578985,3.6908349945824925,7.800336067159397,MGM,2022-06-23
-5.071280369440279,-2.0186775506966903,-2.8833621676046417,-3.586586091146371,-0.11504874526835351,2.199261674583619,4.0051169526602814,0.8381759674828237,0.04991445674289441,3.303477034146196,LNC,2022-06-23
-6.567729383978316,-4.750666343205678,-4.877858478822472,-10.604647366156161,-13.685367493845469,0.9536670806776559,2.742353899234007,-1.4658672909439452,-8.720419409827318,-10.692790724200517,FCX,2022-06-23
-3.4257868232281385,-4.022082056485498,-2.2770501695658862,-4.0142940786762065,-8.31318786982912,-0.014959598290542608,1.2951356091589705,0.4083898737699987,-3.058804274096194,-5.785867099887243,DOW,2022-06-23
-2.7582218440388773,-3.477720009305729,-4.1380432401624585,-6.11648884823609,-5.223139890878081,-1.179281985594871,-0.9910231824907578,-1.3042487594895014,-4.591281525384982,-1.6828828285261999,HON,2022-06-23
-5.856998210565456,-3.920613973301157,-3.9051806637298125,-7.919256474181136,-9.487724647451657,-0.8908719661297138,2.6787822219824564,-1.2085023338043177,-4.041714806962249,-5.318494571157784,CAT,2022-06-23
-2.6349735518790385,-2.3118992056924803,-1.9716218347603953,-1.501004483756141,2.263965949649349,-1.0073064056979275,-0.22961952234814564,-0.22018635461461544,-0.22098477798082605,4.555104000581745,VMC,2022-06-23
-2.3877351834372895,-3.176090944346155,-1.1623829172697664,4.022028342842177,2.8350703812807234,-0.12967433070751877,5.910524256224581,5.444929704148604,8.73797017171415,11.742833164545228,BBY,2022-06-29
-4.02974595608263,-6.7493305330763365,-8.592931016113836,-5.507760022672281,-6.557092857618574,1.0590825725478759,0.8425697243933161,1.1083785683716263,-2.2504729618057495,1.8502154592154882,PVH,2022-06-29
-1.4465077102867485,-3.986546084527265,-5.44581775026749,-4.982553079988106,-3.2265160840595275,0.6047373833429792,1.589881463806897,-0.3748630802465236,-3.8526484317546017,2.38125917840435,BKNG,2022-06-29
-1.6678430744369477,5.323795786774355,2.911745547456257,-1.1649358781457009,-4.171969931858421,1.3813799780065361,-0.08058694188604054,1.618571525520851,4.531397996636355,-3.982250077344939,CCL,2022-06-30
-3.8918153411998,4.464628425988426,3.640962736136877,-3.1803814809144515,1.805110095935425,2.034139424553949,2.2742776939600473,4.895518326430004,2.597177749850843,4.076282626324158,UBER,2022-06-30
-1.3084765604252757,0.6981423115249186,-2.6348396667603247,-4.3452295004283155,-1.4021082271484353,2.0524035890193915,-0.3507672909017323,-2.9184379141860894,-2.306275599093499,-0.5299504706857352,SLG,2022-06-30
-2.2692140105925462,0.35140829307265253,-3.71789444425088,-12.520447489901398,-1.6567201439436685,0.14683453270576408,-4.974454073406531,-4.260345574591762,-8.13985381014951,1.8036078201548733,RCL,2022-06-30
-2.377201462088452,1.0111777512105347,1.0906031258242743,5.721267421059373,7.710994041809127,3.1713008531630393,2.5290988035088446,5.175510908495552,12.347933181289594,13.713035702273135,SYF,2022-06-30
-4.347129023136498,-1.4644665591852846,1.774056906291377,6.505812476155603,2.745356950061174,5.299317347942911,8.159471691283082,9.17133194779094,14.473519232760566,9.9169398460355,STX,2022-07-01
-4.828333684619135,-4.518098256841762,-2.540373004889429,-0.19605905278421432,0.99611809183018,3.609443393133449,3.5201067820853194,4.133280480701629,6.637431822666406,9.488172569559119,NTAP,2022-07-01
-1.1481847699405967,-0.3905362828122261,0.7310523475217989,0.8091063448149027,-8.054079653787394,2.634843218073568,3.178399048307634,1.878718417521208,4.405158614249327,-3.2921583924961917,VFC,2022-07-01
-8.407185356836543,-9.676802837020205,-5.615449472558076,-1.8588527231407692,8.240482251342907,2.2079708453141444,7.241001675444059,5.205123928333921,11.268458331736042,24.685005896421778,LRCX,2022-07-01
-4.202868772243173,-3.9549630810754244,-2.1126249039266964,3.666268541993989,0.31611540138216654,3.2602473094429207,3.9440276884513903,5.098085460989488,10.609877757103714,8.294845899714119,WDC,2022-07-01
-2.526717125732325,-2.0256022388212114,-0.5490498500697494,-1.5088052529705909,-1.1880670213211708,0.018630892958992895,-0.45010670005324327,0.10353027746801136,0.9599419408722554,2.278994675046974,EQH,2022-07-06
-0.6730628243719727,-3.839214494751275,-3.582981258637008,-0.10039189446588992,-3.3256937131022513,0.2759185249345597,-1.6500889033267296,-2.281898183560127,0.9311773745803276,-1.3518506329640356,DLR,2022-07-13
-1.1014963958570045,0.2887556025884974,1.7715925303604996,0.8291505373345665,5.2687749820048655,2.1385048617492908,2.7781341247680835,5.839277337053183,5.5562635062556875,11.233146516050274,AMG,2022-07-13
-1.3896205644720605,2.399531339703609,4.048916025475124,3.0949684641539577,5.690011268548423,-1.4518028643694114,2.8202413245322244,3.1487467618665166,4.579322371500161,7.7870553327023835,SPG,2022-07-14
-1.9875484667778553,-2.568272972075203,-2.371859906787721,-1.6575357076450858,2.4872050579652694,-2.0683964999577142,-1.1175091425965844,-0.7790824119400241,7.141003410334901,-0.08662114671105314,EQIX,2022-07-14
-1.265765519820805,-0.8689561287318237,-2.358766840208082,0.3645330378716505,-1.9834591646085133,-0.9743326844166234,-1.676315805482842,1.964324360988634,0.5288734155687758,-4.182077009598607,AKAM,2022-07-14
-0.6841154662711735,-3.3521546628530574,-2.21466673820514,3.2112846765372183,2.0199156898441206,-2.5583832196619083,-3.1519785491122665,-3.3774882642875204,4.281407864353359,0.07762516544100784,SYK,2022-07-14
-0.2980170394774939,0.09911399641762131,2.25908803046202,6.824144599407456,7.922766464637741,-0.4873371936324089,0.22593798685759392,2.4635066216729617,7.550854186402334,7.016499848267909,ETN,2022-07-14
-1.8299275601250664,-2.071470432684963,-0.21022199052078694,3.5069098699373793,6.415006035360273,-2.4617152729786818,-0.6410334466773193,2.085653961648082,4.484084623080409,8.34781326436822,JCI,2022-07-14
-1.7306557865737315,1.3234563659249243,-0.06541485789235413,1.59761662216249,-0.47682542132607786,1.3792355677214152,1.450717713765326,-0.1874328194333863,0.5223716488350627,1.1670670158380183,TFC,2022-07-14
-1.1909069546715,-0.5559491179247811,-0.2696261164509606,-2.82321826020564,-1.8419149659185674,0.15034868339807161,0.244853741532447,0.2144952228274155,-2.617117594382612,-1.2158188151190075,SEIC,2022-07-14
-0.4160240386402503,-9.441573050218043,-13.881555340763608,-16.930215684723184,-21.580020038252854,-10.294733354935872,-9.624439446845656,-13.06075887558299,-14.462752330328545,-19.15514449257587,NEM,2022-07-22
-5.8073989683963045,-3.7680737710410694,-6.25269809514899,-10.633850685140821,-14.577813256730188,0.7347479552063163,-0.3117344826635726,-0.19909762281504761,-3.3677711746783467,-6.7564113542473825,VZ,2022-07-22
-1.3767364584139075,3.2415316519265103,2.875852972919768,4.772813176295321,1.844725202632036,1.053008399175237,1.0254315679779191,1.3556397369001383,1.9738241099321874,-0.7728811677333525,GOOG,2022-07-26
-1.1329813915620601,3.5868820307138005,2.9939848207340303,4.702351773859602,1.7650845635791779,0.8813115766183488,1.0637231355115961,0.9799558538788666,1.5111609530259917,-1.2798978946286788,GOOGL,2022-07-26
-15.162215173206828,-18.79319482183789,-18.11554790520714,-16.553182844270566,-13.866771321770988,-1.816170398517769,-3.6429412279019413,-4.236556071171361,1.7618605892546935,2.0438657155777307,CINF,2022-07-28
-2.869653113700854,-1.532106807774003,-4.667023780021817,-2.6380744800597267,-2.6039190237068244,0.8617626545097345,-0.8713638987863148,0.06927874408333423,-0.03369530098202844,-0.3840781136825955,BAX,2022-07-29
-10.019960512143978,-9.807630075843832,-11.287114079686212,-12.898420954329959,-14.560797387253288,2.8203878909044744,0.7066328387333343,-1.1989578521877764,-2.48991162867207,-4.90624570115088,INTC,2022-07-29
0.26949136496505766,1.9615337652801212,1.6397075693649121,2.942251318440303,-0.2975407411645814,0.8991639630745896,2.7370285465361244,2.119821833968083,3.523728220872302,-1.4767319702021275,CMCSA,2022-08-01
-19.125577897166202,-12.967034280323153,-16.697266366058205,-16.9574305693423,-23.95821133178557,4.707369026399444,7.477150640327135,2.54815586387398,-0.8675383732592801,-6.43885278996078,MTCH,2022-08-03
-2.6664239355508212,-1.9784375160082135,-2.605762913244225,1.0034143135246865,2.92373693239949,-0.9368269325469747,0.3912971619972838,1.714171058320324,4.383377646100017,5.737847001319163,MKL,2022-08-04
-1.6744600193509096,-2.823640667755423,-2.0059985323948704,-3.2032781220250657,-2.08113214915293,0.3348842753970849,-1.955098192155269,-0.35048969054805035,-1.6002872303805153,-1.3909588454942954,HIW,2022-08-22
-3.208643786694687,-2.6697640578214332,-5.650890582350042,-3.454897959822877,-2.4330499380814548,1.1719423160782783,0.9277941548295754,-1.0800898608181564,-0.9519721076662995,-2.98806591877272,VFC,2022-08-22
-1.1835199850185885,-2.255304586945605,-1.6182396541000283,0.3545526538001331,2.5181835939466772,-0.1878173013582951,-1.0724566045143602,-1.3936802973774531,2.1942418783857494,1.6355685327226306,BXP,2022-08-22
0.19952833617756793,-0.4702659386089483,-2.763670550300535,2.218419401216176,-0.5966116322773214,-0.5628416199052744,-0.24548203979394279,0.146032910419025,3.5367610762898405,-3.717927299873658,VNO,2022-08-26
0.2264069409872671,1.2364342775314512,-0.9494579039887707,0.36731527823574694,2.864123527195506,0.8022652833188371,-0.03997731535797522,-0.3021404445683107,2.634153095915548,1.5239754667966672,BUD,2022-08-26
-1.1140757174796012,0.7240510011149892,1.2678396391480273,11.2522995322752,7.164257240921389,0.7928347649291068,0.24129520669797788,3.883294676510829,7.81520506021266,7.974957529915583,FTNT,2022-08-29
-1.4295760616825692,-1.2098559947158916,-2.575234906971347,-5.183077143468029,-2.751622588341929,-0.5020427680956674,0.5493754403578133,-5.161271939594781,-2.6925647931052565,-2.033792200706241,MMM,2022-08-29
-2.0300361074043094,-4.64617974226943,-5.51923355959324,-9.786758165154241,-17.521332564670757,0.3837636245297982,-0.31595732396415555,-2.178632752142595,-8.735077467300567,-15.283997963695716,WDC,2022-08-30
-0.3828664904079071,-2.272404665334349,-1.8754520262861503,2.6567148261363305,-3.7737551393470348,-1.643049214547354,-1.782585495540434,0.7364308882910064,-1.8664587351842732,-2.7178821796639543,UHS,2022-08-30
-1.1195096966751361,-5.7007794060044965,-5.1819479324560875,-3.2748396397703767,-5.084012881206744,-1.4607075674671233,-1.9992395507972494,-2.90526520836476,-1.7236157292624954,-3.313636069465952,DELL,2022-08-30
0.7609168141140765,0.007558552713360367,4.5778842483969795,6.912695712672113,-1.447614012647513,0.4449814753135106,1.6120884687515602,3.5835349061662525,5.172010775215252,0.7688691533121244,SLG,2022-08-30
0.070447108157623,1.1262235539266197,2.141860921203087,0.169260459646825,-6.994256158920651,0.4877216129833939,0.15915980152214626,1.1618863873742669,-2.840436538017599,-8.315289493530331,WELL,2022-08-30
-1.0035873179678134,2.027668812599559,-2.143897100692138,-5.142016210874379,-17.256310189528634,0.30259551345300784,-0.2835106963283818,-2.782002378109738,-6.190590324776912,-15.974701242313172,CHTR,2022-08-30
-2.7826972996927934,-4.190767561363873,-5.365887621675813,-8.024538420021122,-10.414014553109352,0.9613642638539588,1.5179123526374738,0.2819060777433213,-2.5757924475104166,-7.681276619815957,STX,2022-08-31
-0.4989377293962982,-1.627205160234868,-0.7085785376905185,-1.5198755868997882,-1.328881936625848,-0.49467337167807823,1.1064128005329077,2.5548484084771506,0.5810087369236716,0.8735116959070375,TER,2022-08-31
0.21786746710409366,2.145682251478509,3.0560122299002845,0.0790729839773241,2.922648519855642,0.6234614204355227,4.320782644050736,3.240243057831327,0.9940266098895756,4.538746001877792,CNA,2022-08-31
-7.9791080254244084,-9.673916705466857,-8.602496629035661,-13.03760195032041,-11.197491397540427,-2.1583351084798585,-3.051740975181927,-0.5022056740781933,-4.029338244609605,-4.353761783601739,NVDA,2022-09-01
-1.9727998101142785,-1.6998756102031942,-0.8162431983558927,0.4220705728551377,1.8557628972269207,-0.7159919604790344,-2.3755111666347473,1.349932863092107,-0.8237328638930452,1.462508420531261,CRM,2022-09-01
-1.254488627754513,0.7654756442639465,5.955751081125915,-0.20535107207442227,-10.229516749066015,-1.998005194018293,2.8748795555424644,6.376266368649585,0.2255853127375529,-9.008323721812427,PVH,2022-09-02
-1.9947370946862053,-0.3922266078018488,-0.5597874767581112,-4.848884380138319,-8.342658795207193,1.02696539108047,1.409103294402203,2.159826103375173,-4.730659683907168,-8.233990585064177,DLR,2022-09-02
-0.7694736197312424,-1.2839484804871848,0.798281224968922,3.377879092982805,1.7480578358486492,-0.47045472137168254,0.3199578416028803,4.461054686695198,4.199499354978631,1.9517246095138274,MDT,2022-09-06
-0.10691622153977676,-2.0268233473558883,-1.240014089193453,0.38856172855428195,0.9687097555800221,-1.9423354905400259,-1.3798878126430214,0.883875924106925,-0.03373983551127058,-0.3570999086269788,VZ,2022-09-06
-4.314994264344462,-6.042944827126129,-7.067851905988631,-8.48255201578988,-7.249510792893121,-0.6051365036565226,-2.837506539585344,-2.7954283429126203,-5.522371931713543,-6.096694559985982,CHD,2022-09-06
-5.020820519200253,-6.414538316599749,-7.326430634340797,-8.29908967013834,-8.777946299206972,-1.5946186785102845,-3.076170781546372,-2.8311458699289855,-5.165211978944628,-7.546385520062326,META,2022-09-13
-1.551077033675507,-2.097843900144258,-1.9598782763897038,-0.45739785801796096,0.3111540289382546,0.02965965083601141,-0.17742768776670692,-1.3894230897640747,0.4196768557683921,1.5543081249545274,GOOGL,2022-09-13
-6.993574873383901,-8.449020876286262,-10.15726583337282,-13.063386230502594,-11.61100815872056,-0.3815484455881091,-2.1257916718890435,-3.942273387348816,-6.530949260789242,-3.4950912690605023,EMN,2022-09-13
-2.844408380225282,-3.5451505192239487,-1.6503634640814395,-3.554257025002739,-8.11444538747328,-1.6336599225343695,0.466149974319674,-0.10593044561766352,-1.8209845309337673,-6.640909488478043,INTC,2022-09-13
-2.3673955880904147,-4.1606415016379295,-4.4817770050898496,-18.916091463255135,-16.923529484747903,-0.2685554367142906,-1.987609710618632,-2.629086816101522,-14.853196376618516,-17.36735322710491,UNIT,2022-09-13
-3.6215182307481326,-1.3206506633222421,-1.5911313768838369,-5.85175800445359,-3.2096293108660685,-1.258049707774278,1.653083936794797,1.723250200862414,-2.815389604151285,0.9593387344389512,COF,2022-09-13
-1.5156929177781766,-2.0509824189483323,-2.1020340065915137,-0.684796289950441,0.2739873584927661,0.02626670541658882,-0.20140952105424104,-1.5330723454330952,0.20988917953530528,1.612626108006042,GOOG,2022-09-13
-1.6600179760677616,-2.819827723604451,-3.159961241937559,-3.815160041274247,0.1586026541434915,-1.5157658549656117,-0.9842781126525479,-1.3019366959413303,-0.8428427214474237,0.9338739908096301,DOW,2022-09-13
-1.0363005267410297,0.4512502815949837,-0.6533158801183991,0.7832108108595364,6.11146096519054,1.3482329270580684,2.2826847562476216,1.8527994799316883,3.2618303415595467,7.46233317890459,WHR,2022-09-14
-1.2562997543336007,-0.6026525007413297,-1.8386066370749465,1.6558276863096744,4.93810248293539,1.5540934247634364,0.3376501630685147,2.5725009094520135,3.2013459375241586,6.244275769633202,GEN,2022-09-14
-1.332688266899218,0.07918055195171858,-3.368556241123588,1.5111877515922796,9.000555751918315,1.1163138832990471,-0.00983620771933813,-0.9650978378334059,2.4883031288354123,9.575018665228907,MU,2022-09-14
-2.38205918147415,-11.475657693355112,-12.088092648148562,-14.0344289550833,-13.384103320804353,0.9591934074678288,-6.99711683875166,-9.84283767029206,-11.996600231393105,-11.485793911823503,IP,2022-09-14
-1.2447605357805314,-3.575880846700297,-4.208965700407687,-5.329872857968608,-11.48579318567371,-0.1179220537241954,-0.5526588670666799,-1.0087009045862905,-4.0004776917905716,-8.517756535400622,IFF,2022-09-15
-15.657876944466906,-19.1824677680807,-18.969728717880173,-18.543002853315947,-13.7096542395828,1.1584641280101948,-1.292373658137802,-0.09283707686396081,-0.1041415144318325,4.6050030544304565,ADBE,2022-09-15
-0.9058627177064293,-3.4800476551676507,-2.3634029538030177,-4.019461041797566,-5.503129734410539,-2.033912094702628,-1.4644518623782243,0.792171812087783,-2.0712372798608047,-1.5048260157830677,FIS,2022-09-16
-20.640906364511782,-22.02953360751045,-20.885168167585032,-19.03175272154015,-17.92706625651069,1.0369787460958957,-2.099792632256347,-2.1013932033802414,0.1544381195899609,5.3439798548525435,FDX,2022-09-16
-3.6867110034467627,-6.144190809739436,-8.697090650945793,-10.158195444536577,-7.208008517358122,2.0878508271927387,-1.4775897144999717,-5.27117627319078,-3.1317209214532404,-4.893160804165652,CE,2022-09-16
-3.5468070501812443,-6.065679399626367,-5.391458011468287,-0.09880550276100131,-1.195657325219135,0.21081940855256498,-1.3928642944628256,-0.41856616541736624,3.0793110213733534,4.761848369968435,EXPD,2022-09-16
-2.5493921533750408,-2.3024850629002946,-3.5475897100285865,-12.88225167984821,-13.25382532792012,3.4335665048984776,-0.3019296869163246,-1.925107954948868,-9.283047739101224,-6.2910956637031505,AVNT,2022-09-16
-1.1941140083349122,-0.5488966858392841,-0.8678440564651941,1.6928130088352482,7.469846813962566,2.1528560576631106,1.9738687375931208,0.9662534378678478,6.661610823894437,9.868987645969929,LYB,2022-09-16
-3.2369522129385375,-3.517924680638096,-3.296999573682757,-0.5444421682298746,-0.6089221252122412,2.5542513847081505,2.0620402978071883,2.575169901616703,3.2447212021167626,4.074283724714045,WAT,2022-09-16
-10.248527943326124,-8.860252196850215,-8.980406643137464,-7.28962778138108,-5.959174238077647,3.7209410788560326,1.5632367566787875,0.5340126563627807,2.958955382687,4.05114805712774,PKG,2022-09-16
-1.8218694186852624,-3.6177085801687987,-2.625472246954031,0.31691342215427465,-1.2050624246041979,-1.0624083063330514,-1.7245819279811396,-0.7551075057969152,2.6836156604604477,1.2401072042409256,AKAM,2022-09-20
-2.110579534941548,-5.270877206054347,-6.68932372506802,-2.1971471143234274,-12.391183251033446,-1.5697810269417745,-4.98645209137748,-3.3365734428616687,0.7166661656916817,-10.691662000617995,NOW,2022-09-20
0.2248363659452024,-0.4144901112582815,2.01882274887738,1.5294498727512211,1.3728347827178906,0.4194673878895494,1.037067284730142,1.2700648545894806,0.29792206010091915,1.5782014526778854,OTIS,2022-09-20
-0.76140871871474,-2.585745034989106,-2.466487308542675,-0.919072199755333,-4.561591317060198,0.43918046979880554,-3.002312530573059,-2.8822268758755154,-0.8992688539388949,-5.26697269678158,ZBRA,2022-09-20
-2.358779126789734,-3.687976866690912,-1.5485895685868556,-4.341273688817604,-2.8717415201565784,-1.0278663325186899,-0.4182666681802676,-0.7768759476581852,-1.8281969928499509,-0.47198082890049786,EBAY,2022-09-20
-3.5956700769532612,-7.030809683938699,-8.561952871414213,-1.9099285743029437,-12.9218601439817,-2.5775732127457873,-4.941177933535245,-4.1931342342859,0.42165466266576024,-8.304646898589208,MTCH,2022-09-20
-1.8078043191835147,-0.31537969639594543,-0.9316616058396177,1.8865653467408094,-3.455481669562711,-0.10719621156755066,1.9497750532822988,-0.5714775578265616,1.0717959838860036,-3.3516552889503393,CPT,2022-09-20
-1.3451489133973316,0.014571857474143801,-0.18421794995114915,2.353310507275841,-3.7860495765026263,-0.5981864031980866,2.0370544113860745,-0.6103188513497786,-0.7028603148979018,-3.792914746655418,ESS,2022-09-20
-1.0551421362718694,-2.083214391240995,-3.159762545235324,-2.237186406489,-0.5857864588905803,-0.6751150767831171,-0.7724080413196277,-2.39744133975045,0.4921613462281149,0.8010864417389074,MA,2022-09-21
0.31913203896710707,3.076945050698532,0.12222821312460841,0.6306978611341774,-1.6021581158826121,1.6716966210557405,1.4216010001497192,0.7384654449807848,-2.460008871667263,-3.1154168511222107,MAA,2022-09-21
0.03871495389257129,0.42157124389889944,-1.7998652710036094,0.18666681832314458,1.0882671450669124,-1.7222700821364012,-1.0493905001795363,-0.7803342501418342,-0.11757017532744163,-0.3140931328145413,REG,2022-09-21
-0.535954003784056,0.72454811758631,0.698809256138011,1.9041316138002085,0.5409311480184642,-0.8934253965338423,2.181187623784231,2.4553947856542524,2.7481287391198705,0.23965349409498238,SHW,2022-09-21
-0.655154258396129,-0.2277630812957625,-2.914106263469696,-0.720236896139903,0.724276764795484,1.003830001124395,-0.12985099919616827,-2.9248450666764954,-0.9993409815106435,0.9916604579014665,J,2022-09-21
-1.624444602974684,-1.7080520516449376,-5.1872451413452545,-6.01420291585667,-4.948908097483485,0.4412199591034338,-1.7794916962182055,-2.599421923581579,-4.787410510039525,-3.5944431725812187,CMCSA,2022-09-21
-0.329161748084017,-0.921597878324043,-3.0073191670308645,-1.6922056523905327,-4.303866069946227,-1.064086732773406,-0.7745149005499603,-2.6233623895596243,-0.8622251316595664,-5.8421547547867,IQV,2022-09-21
-4.368919992809461,-9.1411977112407,-8.227658195385246,-5.774801823362196,-4.9840926930129195,-3.999104379016505,-5.917527406452315,-2.6651620103667946,-0.8416282659665986,0.14491359685352423,LYV,2022-09-21
-0.515071857371241,1.392157396135707,-0.1361948012249874,1.5819069049569756,2.307550993618668,0.038580594182324734,1.980939899246903,1.0988515261390108,3.131971572026515,3.6520706979064066,EW,2022-09-21
-7.720381023674682,-14.221967907263831,-14.892914897942411,-5.987607207258261,-5.401387659382817,-5.219089028051549,-10.229615648621149,-9.974934664829538,0.4300548560784323,-3.45303893812714,AA,2022-09-21
-0.17822388738022443,-1.15548617542699,-0.9653774187730173,1.8881837140047208,7.962758804553949,-0.4021655138780056,-0.9012466356836062,-0.09120450228229382,4.3813099072743,8.527254501338355,EMR,2022-09-21
-0.8235025895425574,-1.070290349953284,-0.593198012315244,-11.861020586063242,-9.064805236486993,-0.4026120990624271,-0.271929850367969,0.7254754334155011,-8.628772083066327,-8.887931613691135,NKE,2022-09-21
0.1218377775416668,2.608919015451172,1.5018378979992582,2.3460006548025936,6.468059550039196,1.859482097238907,3.256021479592175,0.48842889699967085,3.407860220081438,0.8793376115506568,ABT,2022-09-21
-0.991560031163552,-0.8335866604664783,1.0303507795228812,6.034300838434281,9.757998608427808,0.8805641091920502,0.8290058174454829,2.2234638978762544,8.923335636239639,8.84654747970226,HUN,2022-09-21
0.3007796406227614,2.3336926675469494,2.9007432066033285,4.245492943101992,1.7449894254584541,2.1474323473936408,3.289327821455046,3.163046799424085,4.842635762301173,1.771318014251222,MSFT,2022-09-21
-0.6117229790506995,-2.17707590734193,-3.5656039432613866,-2.5412902833310547,-0.3781949489339631,-1.5198888709613279,-3.3641316207572154,-4.195409310757414,-3.0410478594386614,-2.922877641615596,USB,2022-09-21
-0.8848719691185281,-0.020290312323478332,-2.001177145632038,-1.7491523025311428,0.8230487735696346,0.539478567039009,0.37496664802469937,-2.0298210379787296,0.7878830238346124,2.3878739405548854,V,2022-09-21
-0.2745684699580586,-0.18274448763768714,-1.5481162363607979,1.0570944268606497,2.7432609883697556,-0.22280648404936487,-0.2699922955408329,-1.7893133743194567,0.9490886406380294,3.547294715873872,GLW,2022-09-21
-1.4489663020687327,-2.14289219294953,-2.652588572683513,1.1563871646080082,2.6897861807848034,-0.6899347785707999,-2.353625037822782,-1.1663890866575377,1.2062862110740369,4.625035827719626,MKL,2022-09-21
-0.27537692829974203,-0.5340775971309331,0.31777681221417664,3.079537796715015,0.3941381575221059,1.9127126418040596,1.6709228792711528,2.06581408339368,4.977974128875029,3.4614035471947524,HPQ,2022-09-22
-1.3790356487766053,2.7882112089477773,1.9826917580430092,5.069320912434683,2.9583956055712513,4.376677140741569,4.224250738800683,5.021097063810121,6.606104003510282,4.133524687480072,IDXX,2022-09-22
-0.7472981201024242,-1.2166120098383577,-0.7219181087868676,2.8573056382779516,4.101698106648688,1.1031062702272054,1.3431603895179833,2.154934449930679,5.832659676935592,7.096687740243701,HPE,2022-09-22
-3.186121239102746,-4.412218867277561,1.8395293865628104,7.326526799921651,0.8322716313293621,0.9818250136174989,3.983395052795169,7.077465966654717,16.411288791515158,6.146130970165453,XPO,2022-09-22
-3.005267666328504,-3.5514100140960463,-4.172639986252236,-3.0012598965382,-2.8474228678716296,1.857013547678421,-0.6012180690465718,0.2342159520371645,1.870230776429327,2.245281070329075,CCK,2022-09-22
-0.7579109961868946,-1.0208743540225051,-0.31981089406543095,2.3440460041688427,9.276293319745532,1.0382529259325923,0.898657198193209,2.2551322173309907,3.491047587322804,7.927176027035232,CINF,2022-09-22
-1.290934690437806,-5.343396447284098,-7.562710601492784,-11.34933467205197,-15.161624536448148,0.5147969757964721,-5.136975835255919,-6.708955195513422,-11.493439730597656,-11.460529652729557,VTR,2022-09-22
-2.1250035762654496,-3.3596333564249066,-2.4466351719309327,0.3955773832091669,-14.844885743623038,1.1864877451169376,1.3984118419413827,-0.052079702616847356,4.239336240229729,-4.590788514028654,LRCX,2022-09-22
-2.956307265342728,-2.8537805553904394,-1.291388334761434,3.7631991019505318,1.195363686084172,1.4007703759512324,0.770818211524571,3.926199460929791,9.68377139810067,2.7244610213263742,BX,2022-09-22
-1.2814213707949773,-0.7558865643444768,4.443256830834075,4.910446022038517,-0.29084386236724047,2.582002888868984,1.9469786453039983,5.104852717522512,9.445871362865354,-1.2287822953994554,MAS,2022-09-22
-0.5399242774889013,-2.9345535452734777,-2.4687850677625574,1.283298296033375,0.7995807861987392,0.5094617250176237,-0.3251566962877761,1.7349283887166056,2.8193266347114387,4.839657529017716,CRH,2022-09-22
-3.9883423566822844,-2.911474194668029,-2.548569286217584,1.8912796709018576,-2.0197309534504377,4.516872469360833,1.6596201431769986,1.0247770318116856,8.497168263341136,-0.2552281407590118,SITE,2022-09-22
-1.5139076802667129,-1.2992822835035551,0.5661810774742593,2.5252665714067257,-8.93152143466157,1.7942439745485705,2.849162483719614,3.3275110428336307,4.940540702283414,-4.214270917797014,AMAT,2022-09-22
-5.846367731104852,-7.516898166808472,-6.399206324205741,-8.701360257375946,-20.804917047785175,1.616641962270804,1.676101568683852,-2.622122163146001,0.051969650510830245,-12.689888706224828,AMD,2022-09-22
0.024989949651943455,0.9562131586430489,-1.105915899266452,-5.082204135803859,-0.5246637590728409,1.6228824872012826,0.7670663881226836,-0.3110018258623226,-4.512503997892015,-1.466278287429279,MKC,2022-09-22
-0.2179580197215758,1.0374444504817837,1.2166609880878698,1.9790879724865595,3.9882948776924776,0.24516343783324013,1.1270164589875398,1.405860815163451,1.8620725895306722,4.408601331273854,CSCO,2022-09-22
-1.0134687710394608,-1.3377463499640414,-2.294966736785842,-0.764950877515036,-10.355456882866621,1.2029748008889563,-0.8270086240482644,0.10689220480381012,0.01383713250483476,-10.785622843399722,NTRS,2022-09-22
-2.7878174925178523,-5.201116892063329,-1.444136561186582,0.20497696962722411,4.84388154632136,1.0364167968353044,0.9905422724264312,1.2583799381753247,4.591637616303402,10.67285176561783,SPG,2022-09-22
-3.0795581824684004,0.926894061874195,-1.7896551221054047,0.6587568086865891,-0.5854965814125368,3.5273186898981512,-0.13105205457848434,0.693249333601631,0.3404654673338725,0.9653747897668818,DPZ,2022-09-22
-0.9239555319128567,-2.7595015564094383,-5.228351939377907,-6.658641448022451,-12.91037215090588,0.8926106304060988,-2.1417253462916115,-3.037866028552916,-6.48211097257213,-9.624484951263879,EQIX,2022-09-22
-4.190677745662674,-9.662914685116885,-5.936832860499907,-7.257906082377052,-13.349858165294503,-0.612985978475078,-1.334281625477729,-1.3629034214196705,-2.3086031843603583,-6.693140971881206,GXO,2022-09-22
-2.193558646971139,-2.1724259819787872,-0.8299023872499256,-0.16703533736956988,0.1475095134651383,3.065910726279353,1.4725954851434464,2.617011894730048,3.367421548575378,3.890470287345038,FRT,2022-09-22
-1.4663574120669987,-1.9406543042133517,-1.467034269367073,-2.2996429154699904,-6.474918927246598,0.24517720517802655,-0.5393986518386074,-0.17875805483196228,0.5704659332847362,-5.5729297440230035,NSC,2022-09-23
1.0965304479772398,-0.1716246037116509,0.6228599241909882,-2.236135784484805,-6.252494710978818,0.34625296524529725,-1.0519025628037748,-1.4962000153608828,-3.488502860966858,-8.192262184077258,SEIC,2022-09-23
-0.822926183559336,-3.8938364753088095,-6.426746655190252,-3.827372674974272,-5.33314665249105,-0.7999941630362328,-3.086852921209293,-6.284358444077553,-3.368991144116507,-3.048408604032793,IVZ,2022-09-23
-0.6776659312796696,0.46791615174833767,0.7494114526151563,4.146219554996799,0.11119282288157839,-0.307419008862464,0.6375990210865101,0.592953223170023,2.979427814851554,1.0245583067003405,ADI,2022-09-23
0.710421116885096,-0.8427730267712708,-0.262913118519037,0.5137897308835071,-2.048684085545638,0.12720804660181217,-1.1321817487397134,1.5723559835680856,0.8481907787011522,2.3410015326118305,KEY,2022-09-23
-1.0290523950061248,0.28086047984344775,-0.9580684589864163,4.55098718047161,1.910879485859518,1.7043860322733528,3.151206684230301,2.119669328623819,4.977944372003595,5.174327526871059,KKR,2022-09-23
-2.7151910628967046,-3.742822170727944,-1.6147374849838187,3.7810931870500997,5.646564027737355,0.44689659144508953,1.8977227810019315,2.1586688846145785,8.154941155712525,13.195669253158183,LNC,2022-09-23
-0.3729087742007864,-3.2484214965892377,-0.6441137791402651,1.0691235316755532,4.487922895700769,0.10588326256520952,-0.671710872149256,4.104886001386687,4.523715629819513,9.996652935494431,CFG,2022-09-23
-0.8665374941077997,-3.2704197443712113,-3.6432798869444167,4.140796482111641,7.349791108511905,-1.1021996885854812,-1.7124638162421713,1.4790717042046486,7.906597808589833,12.020912467428204,OLN,2022-09-23
-1.439684867084079,-1.828554593610776,-1.7759085927888107,-3.9626646833660124,-2.861048159895696,0.5175781887121977,-0.44715523066136686,-0.4111355089893909,-1.4640797477803225,-1.7956059859529416,CSX,2022-09-23
-4.2170759165995335,-6.449325534623529,-6.668295031352788,-10.610557431228163,-5.748085772975575,-1.2766216293977894,0.6728330249722525,-2.571370690569918,-1.9615829254901018,-0.7008731163139492,TRP,2022-09-23
-0.8525802880823719,-1.2800632237215286,-2.08966650608321,2.437861696455046,6.992587610521728,0.11536080751141098,-0.462849439645896,0.28259928223857145,4.773134559949865,9.830670214091565,PRU,2022-09-23
-2.024328288578714,-1.858513815389717,0.32786724772634335,5.11571101568048,8.21172219732107,0.14780687398747716,1.5915406309214175,2.9758330051439574,9.664590601478052,15.040866671640664,CAT,2022-09-23
0.4481833244068034,-0.9597551064204124,0.5124689268458327,-3.9166318264260975,-4.698658192425331,0.7564583085432175,-1.1834413678933564,1.1144075193690872,-4.406949296552687,-7.4935456495865305,CME,2022-09-23
0.6487085982068819,-1.0318497303478003,1.2016989585214355,0.45116587570109834,-7.422538598211215,-0.05904689807522123,0.14208925768928182,2.1522232025423804,0.6047825794166295,-7.124093244610208,TFC,2022-09-23
-1.2711916503448162,-0.09181965263003189,0.6330861685361011,-0.35802974536017773,5.436930965826425,0.48678772584940244,2.2314864644240817,0.8724081600845479,1.848247927363167,6.92640280076673,BKNG,2022-09-23
-0.42749038677737383,1.0558772503775238,1.5411667694810616,-1.073794623493185,-1.7444045549058762,0.015845830205774014,1.6129975453291756,1.8250226371476108,-1.1689709470287357,-0.37005003776373613,UPS,2022-09-23
-3.7228925528416834,-6.724556361059864,-4.999645609686109,3.6247479320840825,15.327673998510893,-3.360579092952476,-1.1689194506882217,0.9625612551630858,8.418243711385365,23.019690937745896,BKR,2022-09-23
1.3823971535018909,0.4369913750790655,1.9971982586584613,3.7370750207589176,13.302521112783005,-0.07416674717004579,0.5886525824266187,1.6056415401445867,0.7337796184500478,13.301971934037926,ISRG,2022-09-23
-1.6733122373217446,-0.3502979174749954,2.6264222408001414,6.987097004818665,4.6988450450121455,-0.5816574718545686,3.6247745332274484,3.3395515144914456,8.707663644164432,5.523133752263076,RL,2022-09-23
-3.1900151925151277,6.143172647132444,1.5339467360674819,5.218242911775118,6.696096715080846,2.4197922936820992,0.6645987291615252,4.192427961014111,4.517089838779209,9.794381379859862,HTZ,2022-09-26
-3.104299086249618,-1.604948106048243,0.8005047993858372,0.445432413163227,2.9553238241453172,0.09035822686568329,-0.1874809163001534,2.3923269941300784,3.651462596370969,5.404181416807029,KIM,2022-09-26
-2.2623318439860984,-4.088251096251739,-3.239644999787361,-12.915526234832653,-19.153382177782085,-1.2097822160471283,-4.120901540698551,-3.628474240325519,-13.52567992290281,-20.580528627015617,AMT,2022-09-26
-1.458542688672082,-4.515202403361629,-3.562526413213441,-4.0814827516979175,-2.709756838853228,-2.717322590249016,-1.8753566251653808,-1.9330475131817737,-2.688751185633964,-3.122292510545188,NWE,2022-09-26
-0.619932886431207,3.4510279388049847,4.772453361426098,6.340727279810466,-0.028922083878679672,0.0065563626189146795,3.7473677118417537,4.692418474205762,6.040968057184992,1.1638482605614398,HD,2022-09-26
-1.1039220592644616,-0.918405955843582,1.2814388906219998,1.020594112393236,2.2254330290947255,-1.313965906760961,0.6432869436112099,1.63608758929914,1.4834293476893023,3.742492823258825,PNC,2022-09-26
-1.094078508260976,1.1399180181782098,2.959330810798011,4.826138714186278,6.787932528596552,1.7955179297200585,3.0716850468819668,3.530555887067388,5.7163438843077286,9.603290095510287,HIG,2022-09-26
-0.831276932657965,0.15339511797511918,3.090512834125436,2.9071239055828424,5.399391826717981,-0.8005591716189198,1.0067226038923516,2.2750559879704646,2.595327463049024,-0.23206989143729206,LIN,2022-09-26
-1.1639158282715334,-1.7548401740778763,-1.3243780060315786,-0.6241746873534737,11.272752727854684,-1.50805470314187,-1.0583969732412712,-0.6498799852697745,-0.5121275529341607,10.597319903557812,JPM,2022-09-26
-3.099125789126034,-5.001353484324489,-3.5186260432676586,-6.185102725940084,-6.8059100464160975,-3.0077449144205293,-3.876713615930893,-1.9270721316896222,-5.282277462698793,-6.228680913998607,PLD,2022-09-26
-1.175359362192041,-1.4938314288014842,1.3643581958075246,3.3508949831242085,-0.02090633520057672,-2.004772775390795,0.6598347128331628,2.0508923339409346,4.328914074904078,3.5022752788984146,FITB,2022-09-26
-1.8801173607747912,-2.6441835041253747,-2.924736075011403,-3.274518694711459,-1.7230393865458327,-1.2251642123840667,-1.5258518086587292,-2.1811794763516246,-2.59294792660123,-1.2669984810394386,C,2022-09-26
-2.4801774464777937,-2.282481262607494,1.369325385132969,-7.9514313685687625,-8.312673261296833,-1.2267350880777794,0.22288079997617727,1.7982261438270086,-6.002058172998869,-8.28167589153267,UDR,2022-09-26
-1.1343925175700265,-1.8254521530449597,-1.257832208150933,-3.6235091740227543,6.982259076591158,-0.2507266109802342,-1.3538204672968068,-0.06205044183729136,-2.904379954439606,8.723213359601933,T,2022-09-26
-3.1426239283059654,-0.35998026164161256,0.046070832039535325,4.757223713964331,5.55520406671397,-0.9271130891738921,1.1731710904726245,3.1678522894675876,4.472780856306624,5.1524604454417755,OKE,2022-09-26
-0.726536111821241,-1.7651940934804156,-1.619646899175042,-2.221632857229161,-6.693795777668887,-1.2240604854330983,-2.31661179408722,-1.6649182148412045,-2.9330364355005356,-7.353731083637571,MCO,2022-09-26
-0.8713316614558542,-1.552616321684086,-0.32114455519118845,0.3301679035722982,-8.913192746313147,-1.2405725386748667,-2.479018987160264,-1.1405645470737191,0.28641386726401263,-9.725438908014993,FOXA,2022-09-26
-0.7148237621149356,-2.9939547836168146,-2.464121828119803,-0.5495913357333126,11.481784629965762,-2.4566907014115458,-3.8845044291557334,-2.314622961872115,-1.3006002231076175,10.241025553279458,ORCL,2022-09-26
-0.7412995150061108,-1.6852071837551441,-0.3644350273513397,0.18080009961072285,-8.034530877942991,-1.2203481640733038,-2.2251810653642345,-0.9744780721955837,0.4569210874443286,-8.835302493304464,FOX,2022-09-26
-0.2411007141415955,0.27365612930698724,4.365610227610672,6.13453837767829,5.857894040755385,-2.3658689642966357,0.7849445640851216,3.6398420427279587,6.4859144891749265,5.724350331991458,EXP,2022-09-26
-0.8980263273118405,-3.037479501690543,-3.001637228718701,-11.164320799431115,-21.29221911989688,-2.0785686655803826,-4.481227179965275,-3.248683359345972,-11.381758165028078,-23.26743447686419,CCI,2022-09-26
-1.8230902213115963,-1.8071075682795867,-0.5061698835648221,-9.57906342943331,-17.521806986360378,-0.9371830230515243,-1.4496937703612267,-0.18283324022432268,-9.6658361375205,-18.007168898016992,SBAC,2022-09-26
-2.9117941809653325,-3.658856842318625,-0.8015056885872229,-5.227395116785627,-7.412523285993455,-1.6143374627484164,0.9729931793784563,-0.7955964784877256,0.013364672513793696,-3.495012719417412,TRNO,2022-09-27
-1.8169428789030606,5.114294869805047,5.249874920926323,5.854907812841614,-27.008231159174414,3.581274345543406,4.660293641262758,9.358181126361508,7.73973220085753,-23.272991766877816,THC,2022-09-27
-0.4294882111567033,-1.1679128798836813,-0.8342322894374976,-4.119929201345063,-8.764689440586126,-2.1388880054405313,-1.4526346340780427,-1.4017926973177497,-4.977982378625634,-6.967941439736558,SPGI,2022-09-27
-0.34310814617873886,0.4837281588603193,3.2915526069462464,4.302587143737302,8.503402723498722,0.5657008995731738,2.43952798417032,5.184938477899426,4.61876924941409,8.538967379377048,NWSA,2022-09-27
-1.3232162941575254,0.13022849585588858,1.2752056740102713,-2.136602126771592,-2.5683981941483136,0.49878222293024965,1.20324390738219,1.7720626622736546,-0.1358101551200308,-0.5263906592247514,ECL,2022-09-27
-1.0181034924513943,-1.3691408420777318,-0.6771438063797763,-0.07746394283921765,-4.35388098416759,-1.8565195424569803,0.16914601250265227,-0.857650325916981,-0.9941732595732722,-2.9276895871867215,YUM,2022-09-27
-0.8556422474861103,1.1274603644120584,0.6616840963918458,1.3050246757197126,-1.2284322327533514,-0.7101109535101902,-0.1345073777247685,0.6869583540002999,3.2652386622952667,-1.8453029164611445,BAX,2022-09-27
-2.489280265797178,-5.222444055833652,-6.382856257481562,-5.516062661492938,-19.341170771681348,-1.1010637487658403,-2.8388657778170567,-3.537582868341671,-3.8108888250380284,-15.238878910654506,EL,2022-09-27
-0.26589181574291354,0.22178045370897514,2.951722664859324,4.239464549331484,6.817744556999083,0.24879541611582123,2.2277001786208284,4.720272531399438,4.2900378563322406,7.305692199020597,NWS,2022-09-27
-0.8800862114917263,-1.403773482071724,-1.3909374218029735,-2.7662454607295106,-3.0756574968529016,-0.7374017211735584,-2.5366696781852656,0.19646238615507183,-3.3137097644255435,-1.5826627985757957,BEN,2022-09-27
-1.3185497360538312,-0.611815166827101,0.609605232968291,-4.028232280493904,-8.052269560281323,-1.267695467045793,1.554058092969346,0.4889120987701112,-1.308503390805471,-6.140689604187022,AMH,2022-09-27
-2.475110830173366,-3.2517192347477186,0.7338650067193919,-6.629582678933976,-9.158705110947219,-1.190429801355486,0.6699322108410843,-0.9062550082432841,-2.5929743343748424,-6.445797747833327,DOC,2022-09-27
-2.0599972200471273,-4.42675135660866,-2.971995073493394,-4.246920488348816,-6.683551032001411,-1.2670524400685723,-0.7956702929214798,-3.0492323402536936,-1.1842910048892374,-4.593317240982153,O,2022-09-27
-0.5330588627264654,3.299727559011012,7.055317354653146,5.341181343224077,-0.32569385613268054,0.4601406157315635,3.7455220738981665,4.093700398832345,3.0815946191335764,-2.2131821263366547,NEM,2022-09-27
-0.8299302646567197,0.37484668122638176,1.1829990052869999,3.4412539135727727,2.955519574245491,-0.23558960978293797,0.6873592932385986,1.6225711659021869,3.0719010379453904,2.14669467822175,DOV,2022-09-27
-3.1393265328265696,-4.40981016708959,-2.3281866363626946,-7.015292543506013,-6.899949431398955,0.008398133785125772,1.0067647409431335,4.718301632259414,-3.5967388599604577,-2.3932953100652465,QCOM,2022-09-28
-2.854330983049913,-2.231982034538049,-4.125125703730759,-6.917771406425821,-10.298707207910173,-0.3210184521890924,0.1962492238958058,-3.986350015879492,-4.942845484842529,-7.897099022383259,PEG,2022-09-29
-1.3084162410531341,-0.9122038220395923,2.2728088184097883,-3.824837664044445,-4.126846939327766,0.4217805322218604,2.6745525477637644,3.9091856668275193,-3.346133509800242,-3.3264295587073667,AVGO,2022-09-29
0.9870997391214442,3.2452960178303902,6.6481083649648784,3.190510078238118,10.759803700676663,0.08569379556111478,2.9981702285986955,6.491689400600232,1.9811634474092843,9.158407049898699,MTD,2022-09-29
-0.3963370334739036,-1.5712385103800575,-3.8767998388983704,-1.9503049131571748,-2.543892358730915,-0.5854371587089902,-3.331525180947792,-4.822910108652101,-2.9618131280005566,-1.7802068257249948,PG,2022-09-29
-2.3029475870992466,1.156629510632956,0.483151265817372,2.450867925279332,-0.5971264397217402,2.1082280876844717,1.90999714405522,0.5162370651000892,1.6447217587511442,2.6813747349519135,WPC,2022-09-29
0.21027233397067358,-1.3747531475519437,-2.6621163584123586,2.168665616830401,0.6130056694420238,-1.3922270543411996,-2.343194390385972,-3.7191386485791345,1.230042946032417,2.023971377882372,MDLZ,2022-09-29
-5.229560727898441,-4.437966060689114,-5.768736194812707,-3.6470963878726277,4.0338054021406,-0.8364412676088784,1.9495120054779713,0.896897062076607,6.978965650355273,11.572244941064525,MTZ,2022-09-29
-0.18712560253820731,1.8986127386112939,3.4171784695774976,4.159821906661176,8.073913574342683,1.3571505943318907,4.518722419323895,3.836442929048256,6.207746981827311,10.081970209667325,AIG,2022-09-29
-3.3309111543043284,-2.5713875593181945,-5.230412729608036,-1.964100546503122,-3.2461656966678465,2.868156808244393,-0.6763554917073256,-3.708284833899722,-1.054494567006159,1.1844380710477553,NNN,2022-09-29
-1.585342967249448,-1.1131298833292225,-2.159894988333333,-5.510117210204468,5.844571649495013,-0.4710606605440093,1.1023503322112216,-1.0888423107282108,-0.08949711489403267,10.818734939981066,BLK,2022-09-29
0.24402824797868927,1.2359115739520643,1.0337489109295772,-0.3882836708997033,-2.01142688319198,-0.34684604578683054,0.14808176406000406,-2.310286079950852,-1.1406922108120776,-2.9595629718534244,BDX,2022-09-29
-0.5715221128992698,-4.086667406411726,-5.9486995418677635,-1.9354675666582777,-2.031212735436605,-2.2448105991059952,-5.17888843849208,-4.168427785264783,0.5799164505074783,-2.8403763776331914,CL,2022-09-30
-0.6408096689760168,-2.0601227388989507,-7.4225355008828435,-8.352884882073287,-9.007465513479907,-1.719093897074564,-6.0400064588720825,-7.276744004742308,-8.214065839885343,-9.40123700013814,DUK,2022-09-30
-0.7359265140622129,-1.691707361426631,-4.340879099812867,-4.0446850458765615,1.8833597331988416,-1.1749736457588034,-4.826516267373737,-5.3165864830899245,-3.1242629071934425,1.3039898172470643,AWK,2022-09-30
-0.2972794873682294,0.062403827482215846,-5.653908675719599,1.9333635822916362,6.5141007842101315,1.2879412347680974,-4.3498973895339965,-5.817585042650209,3.2025991208435745,5.79045861387668,MSEX,2022-09-30
-0.5438032919715452,1.3821901399940106,0.4617085374230223,2.2443964372083736,2.3311597494572345,-1.139572568289915,-0.9203586583641066,-0.8094906006274716,-0.5737997193224875,0.5560214863779898,AXP,2022-09-30
-0.18547041109724383,1.567272760749594,4.379261917415422,1.746063823895705,3.2627660351839394,-0.2291391562627476,1.7066765359971203,4.728951397566639,0.26983553619404077,2.726040220264725,NTAP,2022-09-30
-1.1272754036650845,-0.6193806720304451,-0.21117679543432022,-1.7523620432361664,-3.5705010726865716,-3.511996346637769,0.13962150805435503,-1.1035798385212292,-1.4960855539330131,-2.499840519821306,BBY,2022-09-30
0.1881966260536161,3.312011657192171,3.330399321181554,2.086683638021536,5.430141900249551,-0.22921280736787342,0.7434701471176197,2.5472846343503663,0.5955282265384776,2.9555315360779044,AMG,2022-09-30
-0.2764129998721776,0.5903029851251906,0.052895094525973185,3.52167214866399,10.796501681839409,-0.893780770853847,-1.023145725881358,-0.7827383294523926,2.2788671891416534,11.583155463754945,HON,2022-09-30
-21.706916018053846,-19.468059959541616,-26.668554439665648,-23.365605115277987,-10.305960696594529,-7.1031643790341,-1.94797444641861,-7.288902080194348,-0.6838685731890726,15.771925710467329,CCL,2022-09-30
-1.295609451553581,-3.3224798246361598,-8.901698766174626,-10.135788469701213,-11.412275754245073,-1.5610484120033297,-6.876527927218978,-9.19854342235681,-9.09344959569519,-10.655485029437784,LNT,2022-09-30
0.4082828170227204,-0.2761393898093045,-1.1301041789727906,-0.40410793119391997,-3.0396345194204644,-1.0538454026397526,-2.401603206346503,-3.285527685703893,-6.085276597029621,-3.8512281472602883,FAST,2022-09-30
-2.282974712302688,-0.7525997250172658,-3.3887913159247995,-2.676768345658553,-1.9569916371699136,0.47490858180841977,2.0577570075609786,-1.7375919147195495,-2.559275058261745,1.9341960343999598,CMS,2022-10-06
-3.2903696404660727,-0.45421640723350976,-3.5924487840105153,-3.298701632497736,-2.7826357799260237,1.4211682703964335,3.013448889215997,-0.0818272818834842,-2.6948042884511354,1.8089315932634187,ES,2022-10-06
-0.9615177154781995,0.9621949128395428,2.569649099686222,-0.2517394249162197,7.871195286746602,0.5355304308978237,4.735684252636019,3.8352830235912627,3.5108276316018427,9.641793087649418,HIW,2022-10-06
-3.388118774287363,-2.008557547305644,-3.757307841458391,-2.53297785973009,0.6321515108953291,0.5870878489172782,2.608549302355312,0.7222484244484906,-0.0845475706838017,5.735680458995407,D,2022-10-06
-1.9300680850624086,-0.2798659342536647,-1.7920517902384026,-6.889532971884871,-9.908206373960605,-1.5123306636528167,1.8896512945084987,1.249897550562229,-7.687115604295225,-6.323901872769621,VFC,2022-10-07
-0.1980357892764295,1.390993807820473,-1.0894314706019204,0.3184692868972494,5.067963227670546,1.126727610761824,-1.511176053264851,0.29234636623242105,0.502440407259086,5.221143316261977,PPL,2022-10-07
-0.08446107408719428,1.1324992605735051,2.005443886574576,0.5618904711226724,-3.3085602423386984,-0.54411854332167,1.787508482593625,4.318793192902104,-1.229504400280379,-3.0065668697574655,BXP,2022-10-07
-1.2165302333975831,1.9764232070006993,-1.6531833824371955,-1.3547695996861453,-6.3567758322698005,-0.34416330654957195,0.7941684851076047,-1.3469338412326781,-1.3237350083955768,-8.260772636613279,INVH,2022-10-07
-0.38110094290723096,0.9235528582279939,-1.4272922841766733,-1.293435854287317,5.973443422601232,1.0968099468586567,-1.732184734757125,-0.4940452024234654,-1.6867784426978227,5.494112773432724,XEL,2022-10-07
-0.6133307494273432,-0.42453406238280866,-1.3824266767044846,-6.688487893477912,-0.5760448942029317,1.6198107543034523,-0.7180995471454121,-0.07155229578013067,-7.156927659073364,-2.939765982750986,HR,2022-10-10
-0.07496581287801396,2.489507699448701,1.9739196832470385,-1.1398700463084888,11.266718951231947,0.7001730739052525,1.6680279062027958,2.078228644027602,-0.7116489209159527,12.048318108623501,BUD,2022-10-10
0.43520306833294553,0.6384192948221568,4.283467661891594,1.8488755941442614,7.351418466752556,0.7277829472028041,0.6146712472894222,6.377614025164323,2.4637306545889137,5.373056075098415,VNO,2022-10-10
-0.03905233593800572,-0.07196396087272294,0.4867936502656933,-5.77187553642503,-3.18559848898774,0.48817022431770773,0.32744206797374886,1.0554452790259905,-4.9403460488218975,-3.783770299671785,UNP,2022-10-10
-1.7370919145615615,-5.364090822292744,-4.806926414136658,-6.642960478702498,-6.593522209614633,-4.038782521977913,-4.103833333079187,-2.2119971044731956,-1.610383383369851,-0.404101736622664,TROW,2022-10-11
-11.38854975797593,-8.053934172365661,-3.05975481886126,3.2731499139114106,4.8467096842170765,2.739457584010252,1.321606305400469,10.628803704389123,19.854961102603387,-12.977691334770281,LYFT,2022-10-11
-3.046522588593892,-1.9935159777123124,-1.364905392187965,-1.2782351157603289,3.225190564214774,-0.2824384815593439,0.388957215422836,1.2397732323212285,2.1919176938465688,7.671719112597408,CDW,2022-10-11
-0.7682037190942292,-1.2977383585385027,-0.0049291238269466575,-1.3497636659335122,-0.5303403255271011,-0.14934996311528614,0.6481118466330815,0.7354594114081126,-0.2626545974884653,1.8224250633247507,PAYX,2022-10-11
-5.52023873047165,-8.601295880027248,-13.955339426756153,-6.555391551293321,7.101986679036765,-1.9391021736608782,-6.189287355728101,-8.163486657697838,0.8236132152752207,14.890708315948098,KLAC,2022-10-11
-2.269505994194765,1.706741521973587,7.765461252260074,9.147711621434796,15.175187701776395,1.0720656537126394,6.9807793064523445,13.935852735926657,11.801732501673868,18.42093280649113,BAC,2022-10-11
-4.1882006851299955,-1.0963034197143506,-1.479001892415921,-4.038654800266572,0.040101214317189715,2.7586675112682757,3.316829133990673,3.2858551304828287,2.617407139743455,7.345715714055446,ETR,2022-10-12
-3.133438950138112,-1.0023758319303577,-0.678850904995576,-4.5570969616234525,0.5793963741512975,1.5675567233628396,2.4730651667961956,3.3795048308296494,1.199033808799622,6.204009813817812,WEC,2022-10-12
-2.7651836761752424,-1.6625931901245727,-0.3657495372134001,-4.935442831497561,-2.1248320244919405,1.9157411217897158,2.1583536840966033,3.287263000079066,0.08445489366211145,3.809020140261831,DTE,2022-10-12
-5.266696395710224,-2.100034219019209,-6.359709224518683,-2.308266714733098,-21.82923220830755,1.862810112585711,2.673758193082443,-2.5635838818926615,0.021122563254506233,-18.129509930328002,TSLA,2022-10-14
-0.296867370589704,1.342073502169172,1.4840714417318268,-0.8549003217743101,-3.1560517346522987,-0.7193892211657449,-1.4823695898318334,-2.4799494894292007,-0.014461977344671695,-8.379546581691464,PSA,2022-10-14
0.10405849148367174,3.3867738948179182,5.010732846464061,10.013258680445691,2.7011436601114704,-0.9791859972414496,1.2287361327539603,3.555790414457416,6.181521690718105,1.5750554093511457,FTNT,2022-10-14
-4.3881832011818505,-5.795352780704722,-2.5688673801227857,-2.39984248210654,-2.05401783029715,0.865054857678782,-2.3366814532173263,1.5564726150762986,0.3250084422230959,-1.2493396050295313,SLG,2022-10-19
-3.4077088001410853,-1.6763607544385994,-1.271542884082355,-1.1800397902286264,-1.0499730747526304,-1.0736372834481367,3.8384149864974626,2.7952489842986594,0.4598605351568086,0.575163376083121,ZION,2022-10-20
-2.869867663829684,-2.9327774762330283,-4.185161158537786,-4.622160158481425,-1.3009158944202293,-0.2539074784242423,0.5148240769231593,-1.4860974461579746,-1.3720786528401474,1.10522850614272,TMO,2022-10-20
-2.33383559362047,-4.523659306906669,-3.42221343627096,1.8314596459256371,0.2473502024214369,-1.3950972192179556,-2.1069413150949012,2.0232475866084787,4.605151628296866,0.7719531220750975,EIX,2022-10-20
-1.5403935399221358,-0.06263207729471088,2.7798533253112323,10.84984781475342,18.905655674508193,0.4645875557440782,3.695914571124237,7.222120851031132,14.051316110370449,18.468550176001063,CARR,2022-10-20
-6.889610860441497,-6.879744356687334,-6.203508624785526,-1.127080613887621,-4.75461159798185,-0.3543275987587968,0.09401011802030457,1.7010928374098233,3.8803723683971336,2.295996546577972,VZ,2022-10-21
-3.3605694270432473,-2.984639507415754,-4.31754199183586,-0.33006879260806254,-0.6085914724042851,-1.981453435109859,0.6005340184106811,3.413655975169816,9.531529480903345,0.7171035689638172,STX,2022-10-28
-5.3663902592161135,-5.092479279099204,-5.220914254376053,11.491991978367011,7.886135236628755,1.3598875835662882,-1.8101000523676358,4.154530044700911,18.77852932138633,13.703935989873319,META,2022-10-31
-3.9570918203081673,-7.864429452087218,-4.728159250901353,-0.8597260946686225,-1.5114962788388864,-1.7143311757723327,-2.50621796262227,-1.5446284130719246,4.9578010026767325,5.570784427468167,GOOG,2022-11-01
-5.07782631693674,-8.891312956348951,-10.005426852392008,-6.162928844822558,-12.116840105540806,-2.8335638008057606,-4.38985412410301,-6.88676543687291,-1.968490444851545,-6.824558917917267,AMZN,2022-11-01
-3.8370914150226865,-7.787940983958253,-4.748815691598496,-1.0478973281919934,-1.6159886980169569,-1.855886171305443,-2.6696397444825215,-1.5878832965681378,4.614088997225729,5.0281689928623585,GOOGL,2022-11-01
-16.352897483581206,-15.79467260256633,-15.520684170706332,-8.148671078046121,-7.109092292528219,2.0005692756233096,4.074550170990632,4.512391960403795,12.776869994076701,17.7570262209626,AVNT,2022-11-02
-11.277450302539071,-9.200485461000675,-9.79519043317596,-13.167934379691669,-12.43698618042659,0.6025614331640394,1.6869968332833052,1.3556234568520953,-3.9995498499728166,-1.7391502093424558,GPN,2022-11-03
-27.01862561484134,-23.527035801378325,-22.138056207680968,-27.573725820349058,-16.58727195948785,3.022484955901983,5.839888786845736,4.728540795870506,-0.2543540443433523,18.900058651781727,FIS,2022-11-03
-0.8013332634790982,2.5652214365763593,5.0826896386351965,7.957914905395946,5.890211668813649,0.1686668495558763,4.879576071362046,7.662510982683068,7.725113410575335,2.999184646877916,WHR,2022-11-03
-6.442653779925522,0.023773231290769026,2.809144307539446,-1.6787989249413382,5.681083380362882,0.16348843258950918,6.694185588174051,9.841646586404384,12.012677194108857,12.823851364246153,PANW,2022-11-04
-5.9223496800279385,-2.4359974173256527,0.4307757399538037,-3.965098464581418,-10.885907205022395,1.866651344739556,1.6139207871482153,6.279391731552341,0.04746622605695805,-10.932610878758798,CRM,2022-11-04
-4.326687622900405,-4.0876076787747735,-3.5057914191897632,4.387324065692111,3.4704804833421754,3.2800011788755468,0.27090855080891263,-4.052782759967888,10.913775914063862,8.677711359157382,LNC,2022-11-07
-2.624738007408267,-1.32043616216595,-2.5428488880808953,-2.2515985055632015,-1.7894585606650582,-0.9023622454381153,1.517372715768972,-2.5232267881792447,1.5890537340935929,0.31967220696995646,CPT,2022-11-07
-3.178365298098984,-2.6308208140929823,-5.393388628084184,-6.466113170778531,-6.109754520796384,-1.3788079080894744,0.34065856311205067,-3.63022477962045,-2.036344793425293,-2.9998439570875446,ESS,2022-11-07
-6.793906282189188,-8.204892276283394,-7.078863015162506,-7.652515088458911,-13.543213109811191,0.7532817206631237,-0.3264573083086697,-0.5079153736748943,-7.685611471267883,-7.190793369735404,MDT,2022-11-08
-14.220362374744433,-12.947716026166923,-11.852401665941203,-13.973064319250962,-10.230611496554276,2.9393892754178697,5.305981698089424,4.003178945643681,2.8406716467083815,3.747350044751707,TTWO,2022-11-08
-11.102941906555385,-9.216880322007459,-8.711153063293054,-8.379557014326721,-10.679212245644276,-4.704329985839806,-0.5629978694770221,-1.018919565544829,2.6111559948563725,-2.7899305586941425,DIS,2022-11-09
-1.2510885640721003,7.921788234664762,7.1641753561483945,6.564927685414411,4.702658486591771,0.5735617932355552,-0.35754066764739356,2.467337628549049,5.723233811086614,-0.09185922990722073,ZBRA,2022-11-09
-8.303721584757927,-7.503881902354303,-6.770202447623596,-0.33277821996415824,-1.1154713411842598,1.0858513669755099,1.5763770521587839,3.3856858671409418,10.26569308026386,6.5059924166729015,LYV,2022-11-18
-1.168982270716501,-0.32101465444858146,0.2666899936382805,-6.142130558346648,-1.2934028468761016,2.1897821421386965,2.5852211726592023,0.9348705141939195,-3.968342497832245,2.277197770735551,BXP,2022-11-23
-1.9908171911416472,-0.46033785629872037,6.931960804625992,0.19364342025996972,10.106799693315294,-0.02330092934024197,6.0390626834605605,10.118811814514729,3.124266454559743,13.091338868444469,LYFT,2022-12-06
-5.127112563555192,-7.175325461956051,-5.199818499395314,-8.439893253248266,-2.7250236791934395,-1.3648385436800803,1.3618916292707284,1.2588457036105893,-3.3795771762844424,1.5609961687170881,SLG,2022-12-06
-2.5112099044850678,-2.7239246346441037,0.7701447740148692,-5.896677975493391,-1.3105232179596804,-0.29141215144139476,0.7550305616640718,4.907496477893969,-3.3640213872146996,1.4190412562974042,BX,2022-12-06
-13.659652283258104,-15.605010390980956,-14.407293498961081,-17.650021462671127,-13.281346665485984,-1.942332208932851,-0.644879459842862,-1.5871428179819347,-5.649436565012456,0.8388185025660633,UNIT,2022-12-07
-7.713695361259598,-13.982816700364275,-13.998294940449219,-29.030605169223698,-33.391396688752884,-8.717186707783952,-7.499741107059453,-9.988787123205901,-33.65074860447239,-29.131703001231536,TSLA,2022-12-12
-2.2284805533799306,-3.6604257749984885,-3.886798259507529,-3.1229327863370733,1.0038545644874608,0.2933361475419005,-0.399448933562252,-1.2674045070672713,0.08269893467566236,4.732835439228844,NTAP,2022-12-15
0.4496441288258768,0.4368727944984885,0.11813638267335058,3.4754603819139973,12.36250139508761,0.6886772729996604,-0.555103378919708,0.05048520857122707,8.632287516732507,9.801419606228468,PYPL,2022-12-16
-0.5681395532710298,0.2636675686075729,4.802421606877861,6.238312124025613,5.908649577109882,0.06705580848980208,2.416430268386316,5.191549296519948,5.758523317679454,2.5407602956069697,ZION,2022-12-16
-3.0329661147536324,-6.687985110584905,-2.9566989869905913,1.68778820058606,8.629832139255678,-0.6270827507380838,-4.478810548933865,-1.3054507834210916,5.556030601634965,11.546654952008106,VFC,2022-12-16
-0.33071363020438227,-4.223828281028563,-5.655631825662599,-1.6884424099220086,3.172521746412027,-1.64245763629971,-4.539876489523975,-2.7796384876236147,-3.447621922469846,6.220539121162494,HTZ,2022-12-16
0.4998374469573297,1.3880623182245255,4.497470812546156,4.269345259673574,4.200423005063003,0.8906354995234622,0.9490330933140889,2.9177712767879393,3.754682523330355,1.5611355932635185,MTB,2022-12-16
-2.8151251816090017,-3.9333176590215286,-2.8076337065828123,0.4488753762915354,7.862910495842245,-1.3339381327872268,-0.8948005947614579,1.0512661951237678,4.134697673406973,11.291732866352655,COF,2022-12-16
0.34236244108061253,1.48087295417354,-3.0362005016923095,-0.6518579291149074,13.306677564271508,-0.5578487651208275,-2.740443007959459,-4.342190537574675,-1.2351912337362214,14.91244802851779,WDC,2022-12-16
-0.8879378647247971,0.2493590290958525,0.6166315475066853,1.8109148727105895,-14.417670477899236,2.78673701360892,1.941974226157761,2.481674586286964,4.802511094814865,-12.34880545717354,BAX,2022-12-16
-2.895499027819415,-3.705092991342973,-3.148799647941636,-1.4590241105174817,10.420842466012981,0.2645592182967338,-0.10894708836475253,-2.0691409314620435,5.036888315749932,17.751752219406345,MTCH,2022-12-19
-2.4982754519555006,-2.012929382626649,-2.8767122345556784,-1.682657051271208,6.505404038818053,-0.3009135000949015,-1.9889719347672585,-3.046842739405453,-1.2068471123789282,7.517225124674343,AMZN,2022-12-19
-0.8929301535114842,0.2933047965272273,2.1407654354077543,6.35770027017597,13.08000720747977,1.6498374763354473,2.1980301982553963,5.40838236979837,11.067794971114896,15.371081383653262,GPN,2022-12-19
-0.6238395874940683,0.5733640128013251,3.9658535665297423,8.37729309607158,10.826914463194036,-0.5763207344726018,1.0528832048670056,4.100690861957467,9.818333861588279,10.18505850049316,HR,2022-12-20
-0.8763428316234445,-0.6211833837592384,-0.43037951125509677,-1.0850265376938228,1.7316739768225897,-1.4280116363335038,-0.11858118401189,-1.1316538662746067,-3.594341622114372,1.9520596752702568,INVH,2022-12-20
-1.888513022913918,-2.999258500611124,-2.970961956676166,-7.512822145303333,0.46494881509098196,-0.5449526260471238,-0.37325631391634806,-0.9343035360102836,-6.514577803999278,3.4508224959447285,PANW,2022-12-23
-1.3043824421568262,0.3204432525603318,5.876537779891566,7.829654863196533,20.88950602549926,0.46389438835099384,3.2592136535177563,7.10192309107327,11.689709344331291,20.788129146631597,DIS,2022-12-28
-1.8257497413515789,-0.3469807293533522,-3.4412280032499187,-1.0412036501060706,4.590708176034219,-0.5343095366556971,-3.385871562789744,-3.0426349939276287,-1.1547747809271813,6.31213831857267,AAPL,2022-12-28
-1.7114806844280017,-2.53916588673071,1.1641597741945064,4.067067052224749,1.940072704307271,0.20257322781280784,1.556018642860213,2.0536686364924117,6.841645256584638,-3.4098330156124845,TRP,2023-01-03
-1.3181381173243412,0.04628471754193342,2.5305197857370842,2.122695524423812,3.3872982957324105,-0.37457942742580297,0.5941393554357965,4.399456559766213,2.1136934769556914,4.905516276593369,PSA,2023-01-05
-8.583543445584285,-7.838572847557035,-6.750160444310094,-7.574617880723433,-8.046290154431013,-0.6178356950741426,1.46167818492553,1.2939662953887154,0.4822945575291948,0.8586158498147469,STZ,2023-01-05
-1.2459066612385494,-0.5008716258893653,-0.16203398810671343,-4.532616335648399,0.866042166521308,0.3841291277833392,1.4296181025136967,1.744981121710798,-3.05467810424076,2.54618018112972,CVS,2023-01-24
-4.875971920893196,-5.260257251860612,-2.9179634444142177,-3.4890209231743463,-5.55492552622383,-1.9553949638349777,-2.677760850679556,0.057819767258260324,1.7526549622436383,-2.6470650843338217,CNC,2023-02-02
-11.26091770825709,-11.870632221837951,-13.113858815676338,-8.253560063583942,-9.388732608552264,1.379548307584355,-2.3310759163604033,-1.5329950282898297,2.993173191935128,0.2170897786516246,BAX,2023-02-09
-0.6444747952146335,0.7236650321411409,-1.2447010235777873,-2.6411747986300416,-3.4764132977297084,1.0583725048498138,2.6073008624948657,-2.262723305273406,-0.3414859863584252,0.11155140707593869,AKAM,2023-02-16
-1.5073292346585387,-4.608892832217382,-2.0719642151936113,-4.769100282952731,-14.65998241461589,-2.9128926983562065,-3.288844413422487,0.5169682770075346,-4.7778871106910925,-15.821443544016379,VFC,2023-02-22
-1.2596995174775305,-2.188011783176913,-4.192889597418792,-3.684020371257579,-5.420641712372509,1.0156200190428843,-1.3742009014118484,-1.6745377880415635,-1.3926991960272028,-5.808058824626029,D,2023-02-23
-2.3066865718869844,-3.4006333705017378,-0.1136969202933713,2.680510996231633,4.365196777207137,-1.1425243112056949,1.6586653479931823,0.2912924063272593,3.3594878656359795,4.7241154771887395,DPZ,2023-02-24
-2.204226976497903,-3.5587706648161688,-6.286150375949728,-13.444903935696518,-33.62081962396739,-0.581833953783295,-1.8728693727213974,-2.6961058490618472,-11.211318085862853,-29.863370912467648,VNO,2023-02-27
-1.1532652623157502,-2.06341422130496,-1.739575009111849,1.4588077458330129,-1.5658096712797498,0.0960561335310528,-1.341092583191461,0.19863237356221308,1.7379458798980174,-0.9921710143902418,JNJ,2023-02-28
-2.031636951060478,-3.4718311038877347,-5.296405812244965,-14.748770749822492,-16.076695404094135,-0.749822172914627,-2.7739868919649857,-4.216669998345035,-16.940258043482547,-14.176333638320383,GEN,2023-02-28
-0.8556793191898282,-10.45094015736867,-10.421615381630511,-10.2808613359331,-11.97651534284856,-2.6313106219981397,-7.368722049949694,-6.666619884001357,-6.07810072215128,-9.852337987084514,HRL,2023-03-01
-5.809468846280453,-9.651451794743481,-15.807785670559705,-26.54350384926749,-36.462176119069746,-2.8890490348795317,-6.111747280987023,-14.49464363981734,-26.255976353198264,-33.34854567244011,UNIT,2023-03-01
-1.9898476168588752,-3.980064479850931,-2.0690385089762064,-7.8087289339100145,-11.355497100326517,0.8253638392484719,-0.11565052921249652,-8.145509288115916,-2.4066800659236276,-9.76264052464957,LYFT,2023-03-02
-0.3372491063454608,-4.1874976324852815,-7.355152436203216,-3.6069647500780566,-4.820295717895295,-1.4083412579460886,-4.834318470976761,-3.0530819654772,-1.061751798444588,-6.945851658193536,MTCH,2023-03-07
-2.790645879957377,-3.172493256113584,-10.861087745473686,-19.532743846638947,-19.393608475340162,1.3234276953405288,-6.053635518609401,-13.85686445724319,-15.78886718606487,-17.881293975763324,BXP,2023-03-07
-3.1574468356453727,-6.98460906540782,-11.41933720323317,-12.951764552526003,-18.89601250154588,3.640990566972724,-2.7854097705853897,-4.2095170949628224,-9.795241558763234,-14.088449546279369,PNC,2023-03-09
-3.2122200676216073,-9.18362989215723,-14.410690714903005,-32.77399268472182,-30.51168359803609,-3.6623528223981734,-10.700748724525855,-17.275615933722033,-37.10583019666642,-28.847782189545214,SLG,2023-03-09
-9.551743645328024,-32.39772738019163,-31.795106975085893,-34.14359499835597,-41.233357164517614,8.50051992118811,-16.97097508089146,-15.967023727032124,-27.963397376546606,-26.92310091830533,ZION,2023-03-09
-2.9562642526827494,-6.053717503461121,-8.617793808826836,-14.852667692156574,-18.928547577689493,3.7735852423746885,-1.0455953669959217,-2.063208226351143,-13.496373499604562,-13.563550554302696,MTB,2023-03-09
0.31243489928636237,0.3736774922877828,2.4693797102521176,-0.9668863162147101,2.520701450003693,-0.7938693990493295,0.7870063498522262,1.7311041899461532,-1.0220831049424728,3.5101306601727167,MSEX,2023-03-09
-4.684945688550468,-17.5922586630763,-21.10481882353492,-27.727849564157147,-30.565827052899976,-2.810784071630956,-12.28221585396938,-18.66201760811511,-24.71229242992287,-26.700511932226647,LNC,2023-03-09
-0.054367612858996495,2.8363508695376627,4.855951947816384,0.4895990285588958,1.6253099501315926,3.45277074961855,5.465172108341965,4.742021829277077,3.4221169395092232,2.0278492963416106,SBAC,2023-03-10
-2.7713842769381043,-1.080866825362281,-0.5539400447502008,-5.649481268303269,-0.57433291837925,2.8860124069424065,4.564922176399322,2.233327177718647,0.14776455208260764,3.486543341093018,AMH,2023-03-10
-1.8119168296207744,-8.057226179206655,-11.086834093544706,-14.491863335815538,-16.798759305484147,-2.130491749508834,-6.731127004453263,-9.314088395934428,-12.929477939451495,-10.806723810093178,CF,2023-03-10
0.059331746446922295,-2.640080689392421,-2.403483454165345,-5.077925652135296,-8.654179790325289,-0.0214542882511215,-1.731728280208089,-2.0698864179747978,-5.3816091848978616,-7.424202232556842,MMM,2023-03-10
-4.864078238567638,-10.872448145669487,-15.005719111824,-22.174789307004396,-12.6760153573509,0.5316365161918024,-3.6834437344281934,-11.732586784902631,-13.101158078947517,-6.200526676553175,HIW,2023-03-10
-5.236536590950713,-23.44562358673985,-22.017375649883483,-22.538738194709385,-26.23722454489767,-2.953347680446572,-4.389940719419072,-9.58840504341728,-4.083367695034978,-6.846995366776342,TFC,2023-03-10
-7.2289095614232455,-8.909744814688313,-11.785764695850009,-17.201778458281414,-14.419117622673538,0.0870591194814807,-0.2709736041332178,-5.658774625080021,-7.957432654059627,-7.289840641412049,ARE,2023-03-10
-2.059146577405413,-2.3992108486898145,-6.261730188722415,-11.752033801217678,-9.596034703009181,2.201377033389529,-0.1211637189691972,-5.81446161892929,-9.033148006463865,-7.053047105514887,CPT,2023-03-10
0.24010298674981279,-0.10357107006546684,-0.27498316087757324,-0.08772503699303602,2.334046360104547,1.0445278866842655,2.2914131867864285,0.26933455938558115,0.529218522760222,1.7833139251454568,BMY,2023-03-10
-2.7223878462264044,-16.799485727120246,-17.665657538717703,-20.83224937012973,-21.58691718959016,-1.5796672700504777,-5.740354745777632,-8.032205039685557,-7.546207739167887,-6.902324205494081,FITB,2023-03-10
-10.24654588788576,-14.771864699839409,-14.085156946689114,-21.224659667066604,-30.657323428432527,0.4323328140403482,14.17699342646619,7.540859588901405,-0.04319744420229199,-6.623672780659562,SCHW,2023-03-10
-9.90176506323941,-13.625588824616752,-20.32525099151131,-17.022928219531764,-17.702841858374263,-5.768549026531911,-9.844802833201094,-14.502164590453893,-14.144885507758797,-14.684254986571176,USB,2023-03-13
-3.7355431006126705,-4.639591513882902,-4.092151631037877,-7.1384437010197255,-6.019763563085778,-1.5220726604636026,0.17270975653917997,-1.5989417137483253,-3.1663291391792248,-3.453843633580811,WRB,2023-03-13
-0.9210247098864421,-3.0781937957829575,-4.983800071210254,-7.9217418122452194,-7.921262204320179,-3.216325577891932,-4.00119337017022,-4.883420982347298,-7.436688918234324,-7.339450665969782,CVS,2023-03-13
-1.0980634041666937,-3.1416880876753983,-3.6641116250407113,-2.397525420902724,3.303555326899165,-2.76855796429476,-4.492289110244984,-4.067608463680306,2.993081224579641,3.353294337461855,IFF,2023-03-13
-7.019675253181413,-10.317423857664409,-13.30466231631645,-15.299958302007743,-11.48312606184001,-4.158250751552995,-7.019386267195937,-8.984971582638678,-10.761663439493896,-7.204890645058604,PRU,2023-03-13
-16.68618418318104,-19.72141786433931,-23.01336408805509,-21.17421744579342,-20.83519559557446,-16.783575306988332,-17.305746127112165,-19.689990108977028,-16.66759918483074,-17.932957282238636,HBAN,2023-03-13
-27.188231384782856,-25.8413150824523,-27.81583898712975,-27.206832924060244,-29.15176812844812,-12.101865331229499,-12.429043585454515,-16.692557481270455,-11.375054349639669,-16.587329011739126,KEY,2023-03-13
-10.862099609048437,-9.380776100123555,-11.837806271428663,-12.639206578350858,-21.499942837623877,-5.190955498469608,-4.241072211841601,-7.160865887736145,-11.112767386030765,-17.794577986081485,CFG,2023-03-13
-5.671801662033705,-6.753657179561567,-9.536739502397419,-13.281463025233819,-14.243786391931623,-5.754371058956953,-6.190750104218989,-10.03372017147256,-8.282552616575467,-10.995235011866033,BAC,2023-03-13
-12.789989656972912,-10.74741243666233,-11.194754479828273,-16.083452934690367,-10.967926118388249,-0.7063942940530366,-4.0580587829198045,-4.968917534045591,-8.222180794287603,-0.7066973883955052,FIS,2023-03-13
-5.5319960006575135,-8.509441383680516,-2.1046103890487,-9.128616258199639,-6.161503344458996,1.7425499116728638,-1.115416253547874,0.3873125911900255,-2.8279716441109715,-1.332153428904559,EQH,2023-03-15
-5.000199688766094,-6.141613196464402,-6.0560437701751235,-3.7699199436121544,3.0594986534327573,-0.3487602104435661,0.7121216419691878,1.3487095117941106,3.859265233364906,10.252121857405605,TRP,2023-03-15
-4.063924352861958,-7.045976434124645,-3.1357110925658738,-7.535512659773724,-2.9723669400861796,1.5400028880196315,0.49154566404967515,-0.6458729274931185,-2.3481463402050373,0.41731875531836327,MET,2023-03-15
-2.6536816763101823,-8.024276476134473,-3.813007652660527,-8.38631901996687,-3.059682979501277,-0.1041920998206658,-2.511060148986699,-2.698283190519557,-4.020023033516651,-3.1464319648335293,ALL,2023-03-15
-6.283850584699802,-5.57927034877167,-2.1160719318620957,-4.801621541888068,-7.886492957135493,5.322572378544543,2.4958922406489004,1.4202301712009424,3.8707088796687827,-0.8080974266480467,RF,2023-03-15
-7.7045136125116995,-6.173063849034776,-2.5466077676338683,-2.693963249065401,6.244933662846463,2.4337108605120283,4.300299502538696,6.431945983604548,8.620313367405341,17.721967514625117,DVN,2023-03-15
-1.8694935763346576,-3.381985482051819,-4.7324157133011635,-0.9025404849035468,-6.301553534645487,-0.38684396016215317,-3.656611856098868,-1.3332689504004902,0.24580942759226954,-3.171805588289267,DOC,2023-03-17
-1.1527170624043404,-0.27763317708732194,-0.08126662059894096,0.5004025771323084,1.0939670233608645,-0.9866329779807725,0.436168274341342,1.7286299471544586,1.8580815890855362,1.8979925917208096,MAA,2023-03-22
-1.862863722739816,-0.3604151626724783,0.8846310451884998,3.700421090409245,1.560776780461226,-0.8381861345589381,2.0629700630235615,3.2653195442191807,4.624265766518599,3.021636401722616,KIM,2023-03-22
-0.637257734432084,-1.7055316936760434,0.4402407327834923,-2.6268306803985286,-1.6513298592298886,-1.2091750543351654,-0.3123044604597336,0.5941846086027436,-3.0910631936142963,0.17884013544746669,NSC,2023-03-22
-1.6522953795130912,-1.8128743054008911,-2.022671734170123,-0.25310120955084336,1.8690889766352914,-2.185325732631571,-0.5720233517747086,-0.2014844296142071,1.9671291549286485,2.0286235688000254,ESS,2023-03-22
-1.8563193231809882,-0.3912239205649648,-0.28657561890144123,-4.783755419494495,6.974179153771165,-0.017319702332874165,2.6597101907184673,1.155108828596374,1.2031782646238165,9.715410760606513,WFC,2023-03-23
-1.6290228166571108,0.16618449718146522,1.2214274271376002,-0.08568300380724647,-4.075774908818852,1.2757865890917097,4.250564882957875,4.2769519904168,2.7724137979020735,-1.316170715513576,LYV,2023-03-23
-5.177958260979509,2.097845635896922,0.6878371383738591,-0.11207435882523153,-10.831748300466904,3.1161488306195473,4.976308062155277,4.942491500666679,1.656760157022874,-6.538795458302937,NTR,2023-04-06
-23.103780223372993,-28.634667521095725,-27.21095430516862,-9.968052236087022,2.3127829251553544,-1.633224996204008,-6.791198611472226,43.802093817630094,21.296577960539565,32.35774297631926,CHR,2023-04-11
-10.075086735756699,-7.081842668712657,-3.780564854515256,-7.374364265705125,7.0681479447461735,2.9198748574990274,3.380478730127856,2.9593352981375887,0.5341163926385617,12.773795508862285,ALB,2023-04-21
-7.203678904342314,-8.961830156478879,-5.659634401259616,-5.967299332397358,-10.563052187695565,2.0675617293997917,1.159663718197912,4.984058644535905,1.6258062193949874,-1.4041174114121313,DHR,2023-04-25
-2.2119258726299607,1.5324337618443762,3.6233889494102334,-5.827126197000032,-2.942994380150321,-1.18023214006574,7.167480268896886,1.5602131843837963,-6.421543722191625,1.0271835344981994,MTCH,2023-04-25
-3.8600860947131332,-5.924766622391575,-5.827072572054326,-14.211305087200532,-0.3848631135380476,-1.618017134964156,0.9893620734612085,-12.382291863989693,-10.548461467358827,9.037332709933965,ZION,2023-04-25
-2.7809320259667425,-1.329474544197884,-1.6407564230028537,-9.674676216914635,-3.5645997848080424,1.1145809997687994,4.780672499991923,-5.351193549767841,-7.0844415476649765,1.133778644682848,TFC,2023-04-25
-3.7417894874340556,-2.4545267206388943,2.750309472661039,18.782114755135936,21.077654715601547,-2.2080058309338457,10.074367072503621,0.1436018153115004,23.805680224149285,26.645921610035693,UNIT,2023-04-25
-0.7247592674684222,-2.0038095953744506,0.3745694349211792,-14.083963204886906,-18.354046889715747,-3.141847739282977,-0.3614161350768308,-0.20045232544341207,-15.418879702641107,-19.071000243474824,MOS,2023-04-26
-1.9664387741948675,-0.6563089742419148,-1.496438241722331,-1.8427932646587597,-0.2950500564847802,-0.09154021748563057,1.2490062196659046,0.8334918491776033,1.3955356087590465,1.5544768762979277,PAYX,2023-04-26
-7.511941471398664,-11.010963437944277,-8.538939466178618,-10.296813977136885,-11.748872076710015,-3.0956766846332195,-2.3397838073667354,-1.1046784798142584,-2.98143645524378,-6.223264819982943,KDP,2023-04-27
-2.32510247395058,-5.964660367430552,-0.42189001276370375,-1.3259907897390844,4.353802352713032,-0.6645616845113556,-0.24448369700285077,1.805048141278176,1.8507064639244342,7.594193039282616,MSEX,2023-04-28
-3.949677859855083,-7.4941148254433205,-4.794237028649639,-5.5950714575161316,-2.5569057020389696,-1.9943489917353285,0.7828566729364717,0.18122747517594906,-3.268211363920581,-3.127850689896361,FITB,2023-05-02
-2.017719146037289,-4.551048389675927,-4.539134634465458,-7.43419441156541,-6.121983161383959,-1.0981133840567647,-2.4482807536133078,-3.228642714831187,-6.404063190745745,-5.208209720620971,NTRS,2023-05-02
-4.052140573038644,-10.001854064490502,-8.629120280174707,-8.658880730113548,-5.454892711367753,-2.022319749554702,-2.3280772077040712,-3.3614032487727874,-6.906457683162925,-6.047621805006143,CFG,2023-05-02
-5.54651645605453,-9.217089995608264,-7.405094617002084,-8.81536634258807,-0.8436776075650521,-2.1145552720907013,-1.8659473024582818,-2.8824486034614294,-5.219908819309561,1.2138823241875762,RF,2023-05-02
-5.88884364621074,-9.523707008016125,-9.047985033628514,-9.386183895840862,-8.045585006439026,-2.5289296040816978,-0.5980793748398883,-2.8799906275225107,-6.709257591632756,-4.59682276097142,USB,2023-05-02
-5.1545422606382285,-11.60559654229889,-10.616341775935535,-12.410154825671306,-4.399618905258695,-2.486670901735333,-5.724153154745515,-5.7911338689338505,-8.702554491151282,-2.571658126288534,HBAN,2023-05-02
-1.7604106179200607,-1.1400093829306623,-3.979379448304454,-6.068290403931543,-9.178664797689729,-0.22161696755467197,-0.805615712401142,-1.610934916274609,-6.153675118310565,-6.523830384429841,CCI,2023-05-02
-8.297756302555149,-14.19961704789259,-9.034837482914238,-9.939393439644583,-6.576185174585603,-2.365478553783551,-0.4356825791668295,-1.1409329600803653,-4.535937858035021,-4.7245226711776,KEY,2023-05-02
-3.445320976328914,-2.1522275965045634,-4.333268130846091,0.6521019690490015,4.0192797815312264,1.1110263133533027,-0.2029988092926871,-0.3995530709790529,8.648129427523177,8.908065489580054,SCHW,2023-05-03
-9.052626138985742,-9.424786717107592,-12.170683909862223,-9.015472787140112,-16.455547501266686,-0.43701768676173147,-1.690563122194455,-3.018556447264187,-0.2103116747272482,-7.894625161886304,ASH,2023-05-03
-1.4035767080741723,-2.920148667620337,-2.9092583108952574,-6.193460101527981,-4.484507888565526,0.9376354423248467,2.0272046157567614,-0.663379593771718,3.4102339289739048,2.2272886325066965,PNC,2023-05-03
-2.9969652186615514,-3.294410167392048,-3.856452960673862,-7.63538663455906,-8.207113383404307,-0.4696750064096089,-1.0562313087574493,-1.0401247641681044,-2.0256449620150496,-4.430900160289786,CVS,2023-05-03
-5.6079000034988,-5.0687938531777,-8.19275478095648,-2.1745704252095877,-1.7114577082742555,-0.07236139868076474,-4.69298266657966,-2.49027011894033,2.110487012624618,4.4088176181187775,EQH,2023-05-04
-2.0180266346050635,0.02461539955977976,-2.3083929780215118,6.541902862026493,18.13798967059614,-1.2108970402783692,0.3522545562563373,-1.7621515076885474,10.774376906357785,21.59431126202802,COF,2023-05-04
-0.37917929705675313,-4.390232900327884,-2.790112415463386,-4.386192655898835,-11.430614060278067,-1.30993729049258,-3.1857385492286006,-3.9309740605650845,-4.902958365546361,-10.573508740439706,SBAC,2023-05-04
-2.720042801619049,-2.275535944573226,-3.3129576146049278,2.022184796140758,10.475635220878399,-2.3607281324328544,-1.5044306717336808,-1.9826175797442724,5.689921122991981,14.6075026981791,SYF,2023-05-04
-7.126809532247226,-8.828962504076987,-12.071675221412413,-12.861316262126232,-16.746372484104555,-2.5055775469492336,-4.563185787344615,-7.721967665579011,-8.281746370595256,-8.42660621267558,MET,2023-05-04
-0.3350697140991121,0.9774317144395805,0.3101816746476693,1.7662733458634117,4.6804251378427475,-0.9499501308488867,-0.3547464456286731,-2.184414813953517,0.7921310806999315,4.81592276612579,RJF,2023-05-04
-4.855387893211894,2.308288236795164,-2.8431023752471196,0.5267368794238392,1.4494458414826106,0.3465263694236276,3.3136141277138043,-2.1274661164783826,3.4626806961472356,6.712274366626313,LNC,2023-05-04
-2.9847405045228648,-2.7098720167180956,-3.6415759921501145,-5.793088189174688,-11.2573737557206,1.5120415433739987,0.31178164035758904,0.8635499637298372,-0.9118278724827178,-3.6455046057074725,CF,2023-05-08
-1.0662342801149527,-1.3765690038519907,-1.8731282400183291,-0.5707061351526432,-6.202003684886826,-0.9505264141669967,-1.2652776963399948,-3.1681798602927302,0.06020150045116246,-2.6715874000877937,MMM,2023-05-09
-12.293195766852971,-14.86812159258064,-17.63692572682536,-18.004491759745612,-17.60812514203152,-5.158972351010038,-7.393714880651647,-8.405951484923813,-7.535907365563144,-7.500412164360515,PYPL,2023-05-09
-1.446277553933517,-0.8648771844623981,0.3963727042183729,0.06742624854607637,-0.6899783978658647,0.5131098884106899,0.1221547857577443,-0.23334432396404647,-1.4305060011327142,0.06676609762499286,NOC,2023-05-11
-1.0956605053357271,0.28060124816329246,-3.6965380148884175,-5.241200817073633,-12.191309622569602,0.40855528511458683,-1.0424135088505038,-2.5368082028459082,-4.567042911512731,-12.071206977688643,WAT,2023-05-11
-4.904617401522182,-3.6504799020376066,-6.219811467186376,-9.393101029700667,15.695510882301544,-2.831050984271166,-1.9134717342290442,-2.907570033780793,-4.165938845196648,19.50344520783336,LYFT,2023-05-11
-3.1947407410237494,-5.968597276878051,-2.2518439214049724,-1.3672978358624133,12.317151495538933,0.8259658449267571,0.8330432290317047,0.7900400026538579,2.0111688828430507,16.149532225787055,VNO,2023-05-12
-1.4760063308496107,0.19129114901621502,6.489196850113132,6.311296454489557,8.934515665138765,2.153004162494221,6.154624985431534,6.785175415151445,8.220371293977834,7.606721012255813,MTB,2023-05-12
-5.120894376043827,-3.273246135220631,3.3739593891435993,4.020035833871516,7.460980537297401,2.2032529871946815,3.224767177368615,9.267327839460293,12.119566396889958,12.671055780796948,GEN,2023-05-16
-3.1724024404552464,-1.7312398769168014,-2.537452689606723,-9.026186132026236,-11.25021873774864,-0.19475355918798787,0.7102482322096426,1.0163157741439388,-6.948317116420211,-10.419904354960474,IFF,2023-05-16
-1.3396414448181182,0.9785523032208476,-3.461960511920492,0.501381390366662,-2.8881374971608587,0.8123823383893836,0.34368151745703956,-2.6425045483338905,1.1855277955328258,-3.567138119395974,DOC,2023-05-19
-0.9175127809924799,0.485755982147984,-3.1785845952971403,-6.151558069276075,-2.6179471766581974,-0.27013472504939795,-0.05661857609827736,-4.963360495037583,-4.1298701992727676,-1.7498152786659116,D,2023-05-19
-8.039385355835204,-7.440316033696248,-14.892115297257002,-14.83164954095406,-9.821981438391148,3.670949186257011,-0.9053915312813077,-4.629246994445491,-7.009821585409936,1.416643470196366,VFC,2023-05-19
-0.9202512508696192,-4.219467417665612,-4.509147148123649,-3.112894206422656,-4.576639754580647,-1.026158958920198,-1.0722068641189741,-1.3287714660397798,-2.4128991639197572,-1.9820580631660478,WRB,2023-05-24
-3.5569741669670862,-8.68397915470387,-13.453657927922869,-4.535752684120887,-6.735174309563607,-2.420307260103538,-7.153543453830446,-9.298910171852814,-1.4543579306225185,-3.152630830986869,NTR,2023-05-24
-3.632494832243039,7.923242255957729,12.395060777270306,11.576819039901066,12.19711209142391,2.5196605063326993,10.56905708749245,14.85620511465018,12.775306387050577,12.360658700659522,DLR,2023-05-24
-2.450538858840978,-6.799954574290301,-4.845044025725887,0.10670360882831798,-11.952694678231936,-3.5946943060955805,-3.8116689550594662,-4.333049941154332,1.0340857605735554,-10.372557323797126,ARE,2023-05-24
-2.593102213616505,-2.3713178564743975,-2.2441339014262596,5.539588197037015,-1.5238426965180851,0.07894439799420727,1.9296984881918666,2.9245424568632217,8.269112237060217,4.3328046398295905,FRT,2023-05-25
-2.6100689089901485,-3.471814733516121,-5.795545214885478,-4.641381415948132,-3.1561534759381615,-0.8459155110945638,1.3999632498736592,-2.2232553433921387,-2.3812528339662853,-0.37475229785906006,AMGN,2023-05-25
-1.9215086329143705,-2.835777706384235,-3.1911443644081383,-0.9941546294167436,-2.934885760606454,-1.031281739132539,-1.030658710412069,-1.0606991216988826,0.015228384939813822,-0.8306038179275888,GD,2023-05-25
-2.2559364780970315,-4.899429702690917,-3.8167738571891485,-4.632721707049281,-6.429034167116033,-2.3646716094290587,-0.8802470386643835,-1.4176191374879243,-3.228238986969245,-4.001656282159272,BMY,2023-05-25
-4.357431019101055,-3.072037498576796,-4.399821349803313,-4.369298245710873,-4.4921437136884235,-1.0582010420699173,-0.12249315313779263,1.0686635306139003,-0.9345304797861775,-0.3106603432900146,ES,2023-05-26
-2.853007217308068,-1.4824702807182288,-2.352690331460683,-2.6037410076475087,4.576720841667626,0.03966655921381346,2.2217468469416524,0.3249697395784956,-0.3045113432016633,7.934083442414264,DPZ,2023-05-30
-3.701807680475111,-6.02129586946868,-7.681493752212631,-12.242142044147819,-8.851857966477805,-1.9112312257579922,-2.6019216273289736,-3.015461268755193,-8.034189455437845,-5.5622203564556605,TGT,2023-05-30
-1.6056969682625488,-5.164018274173842,-2.7960421950551484,-0.962052005604952,-0.8016702375013285,-1.312153649527359,-0.5754144230750713,0.8984083126006404,1.2445101576167739,0.3229807768780679,IP,2023-05-30
-1.217933248963532,3.1109936825580276,5.680413166218701,7.018954652503707,1.8597547333187858,1.4110056942008509,5.5593360920352275,5.969497400899759,8.343523068818449,2.5759531609905517,CNC,2023-05-30
-2.679840571662573,-3.367144755259366,-1.418527693962357,0.5778988625435355,-2.0343219004405055,-1.8454908758081645,5.665612289565569,4.439405409495212,9.000919216650093,-0.6744387865915691,AA,2023-05-30
-0.7945915181286289,-20.346798146916136,-24.79309904789603,-25.380152730977233,-22.292163820261667,-10.485082772198727,-13.419829381882476,-15.149388683670217,-14.015687287835998,-12.028816499008009,DG,2023-05-31
-3.5515881078724165,-3.7283909288659656,-5.922228733567014,-7.6947689609814685,-3.2223906360969057,-1.30423925780645,-3.5485782505169206,-3.3243450802774244,0.07048638021540654,-0.3399768669122505,EL,2023-05-31
-2.045135611547444,-5.35883258615929,-7.060344070326041,-5.691358867821384,0.941176663430987,-3.5292434837182474,-4.281550621848707,-2.570869086677763,-1.0167652916394987,2.747470143097752,DLTR,2023-05-31
-7.011510004666421,-6.43938429430303,-5.01205593497599,-7.0354093043435535,-14.219448189400808,1.5125432728415156,-0.7581741219606752,2.111572160965003,-0.4780933643485641,-3.3542041892821506,ELV,2023-06-14
-0.217026991104452,-2.6801376214269035,-1.6866194029520165,-0.27864329996911685,3.14871309834468,-0.9311962487195125,-0.668334749622157,-0.7372831681604408,-0.0754833274058786,3.1281849681022322,ASH,2023-06-21
-2.358616002130165,-1.0742725624859784,-2.2717173488712494,-4.19043591884315,-5.842734171873454,1.343655448794212,1.0302654707959435,0.6466432379335529,-1.237335119567573,-0.8339911413499435,NDAQ,2023-06-22
0.3409883416331083,0.9953210495206921,-1.0218560544095867,-0.19388124488961545,-1.5768847825574195,1.08959652098779,-1.1734592365110652,-1.9071437552226955,0.3538120220234475,-2.072471862597447,CPB,2023-06-23
-1.2398644471683262,1.3345263119655781,1.0975838759959,1.1469733312677866,4.6185387409781296,2.3333813507503187,1.3862270484197747,0.8942892675459557,1.943820259260698,6.6390260261828935,WPC,2023-06-23
-0.34718628394293516,2.328768536484116,0.36043849060996,-3.437976974731427,0.3655868451919675,1.1882296432035533,2.1413916585570014,1.1054301234298292,-2.21356297815527,0.5694715262378525,CWT,2023-06-26
-1.1704590277770488,-0.9142245508325875,0.6661780155963637,-1.5424047694740928,0.3723169341271815,0.2274128949609766,1.2483527240574555,4.582723190278415,0.05700439964257953,6.745726240192362,KDP,2023-06-28
-0.29488258486933816,-1.158859174536686,-1.6053305263774575,-6.741730220186148,-3.720112697664346,-0.9029378999153237,-1.6643283235469042,-1.9014438578308201,-7.913353722143445,-2.5977334975705535,HUM,2023-06-28
-11.39939153152435,-10.125400259501316,-11.098969521578294,-11.827391679311383,-14.123289143477214,0.6367563808812982,1.5582970052012257,0.43606304714938204,-0.3281592178218329,-4.240249078165547,FMC,2023-07-10
-0.5244522342705782,-2.293928389260036,-3.579975176924677,0.13227259832619964,-5.331218914827229,0.11731968875905441,-2.3159129467051565,-3.297054219165485,0.560030514857357,-5.481878387809703,BMY,2023-07-10
-3.2219878842290495,2.191705037904468,5.365941336227519,7.4446769152087375,7.861397324686137,-1.7339447453352697,6.016658616280179,9.379845376403374,10.261663654449848,11.14680126220745,UNH,2023-07-12
-3.4195340385659856,-2.3749407107050535,6.237774210238767,6.931953799763169,6.401924637987122,0.748520016233134,3.1147031298380368,8.752372797371555,9.316280792441155,8.448613951923212,ALL,2023-07-14
-7.0368927254808815,-0.6969819480127537,1.1476352700273473,-2.0453420028147096,-0.08861292099007212,-1.334328684546393,8.054604093725072,9.749926084549232,5.775516751150933,6.000951010413358,T,2023-07-17
-7.845031101071942,-1.435276234863836,-1.0277161360564113,-1.6416985889156077,-1.1032467794167555,0.03771141586821347,4.762131665155511,5.375894697713313,4.891913820997562,5.415025321967226,VZ,2023-07-17
-2.8121267374394465,-0.280906007894699,1.388972072738337,2.8083895568473904,-4.2820471771508055,1.3127866611555294,5.257130257278408,3.912084735745358,3.650101684392948,-0.6594163167975231,ILMN,2023-07-18
-4.6228835273041895,-1.5688593176859889,-0.9843862484269272,-4.613074319887856,-8.608144457306654,-0.01864331024415966,2.2892916922676587,2.540942199807761,-1.4701142708120396,-3.4849990084442344,CCI,2023-07-20
-3.5110020933761477,-1.9124998181620612,-4.595156527502519,-2.526737100296439,-0.8537960169052505,2.8937239828028316,-0.834035955600021,3.453485213281726,2.850753821711227,2.9372502471848194,SBAC,2023-07-25
-1.9314784657859518,0.5833196561145337,-1.9468871240755914,-4.5288824227985085,-11.411928467493137,1.6953699909439068,-1.2858067595593603,-1.4125529111576829,-1.8461605419041849,-10.78368388707328,EL,2023-07-27
-2.789949667431202,-3.7376756277136103,-1.6783621283915418,0.3891938920325133,-1.603370562822748,-5.076712076938728,-0.853740944336634,2.7151301632373115,3.3345921307964432,1.960045674771338,TRP,2023-07-27
-1.0331512077653926,-5.626724700713526,-6.610895902995907,-12.003407869003235,-1.962059217188306,-2.329217681541218,-4.070594404853334,-11.957729347883005,-12.415411225484151,0.5737595428663811,MRNA,2023-07-31
-0.8395589020451566,-1.7121861991676313,-1.9602442478401816,-2.694217702329715,-6.648811547589428,-1.244168794975986,0.1778404466935779,-0.1710794503771762,-1.9402602267122542,-7.337035010655934,ES,2023-08-04
-18.051930646565406,-18.475063850651928,-18.815259445573293,-22.08112795428907,-27.58857645101788,-2.7597530465769182,-6.774220114814133,-5.411555341265606,-10.388400878733261,-17.090933965911645,RMD,2023-08-04
-0.8744389528857588,-1.9628449497512745,-1.9292457443602529,-0.8986486639677715,-4.383802336886666,-2.1102742450460843,-0.5973041082548258,-0.5749222709916957,-0.09539407422614055,-4.097873647332095,NEE,2023-08-04
-2.6668846292756676,-2.3762670271128883,-2.1767063744440596,-2.8309642120384786,-10.415501711307684,-2.1297913712332917,0.07512299830526592,-1.1554099777398297,-2.854131180266162,-6.940426160875424,CPB,2023-08-07
-18.932807606412005,-20.194637325973396,-18.554312180950127,-17.10636745484353,-11.635509506453966,-0.6619294036385837,0.11839243291762447,1.2130289783702786,5.997649539493666,10.387424434532754,IFF,2023-08-08
-5.9480920967039275,5.320329980162331,6.959856954727083,0.39504411211273016,6.709145450490384,-11.331482902289636,-1.3091978225422962,1.3058407309280318,-9.637887430911485,-5.436216424054363,CHR,2023-08-08
-2.423789250734132,-0.405166355984532,-1.0430140615287575,-3.8889361518334327,-9.69287351094188,1.6198325331339136,2.3556129492754097,1.6136249238662748,-1.8908213847802058,-7.284550224047825,GIS,2023-08-08
-2.3065529464848855,-2.1748878544392114,-3.161458180458776,-4.673558262158917,-8.863867512482493,1.0858560052777966,1.1081410850251383,-1.4549990787520617,-2.1001730394700324,-6.17781453542503,CAG,2023-08-08
-2.5193583609780856,-6.412228865392677,-6.742643377736745,-8.571216695234407,-11.266522043727656,-2.880602099161933,-2.0201241607220033,-6.765915080429863,-8.607172399573049,-13.972016247829465,ETSY,2023-08-09
-1.248129997030789,-1.929985611993168,-0.5257022685819845,0.3737353497085816,-0.4150391513937257,0.23957585238959522,-0.9728781085107441,1.9017309949738714,2.466731289585944,-1.2403066717649125,NOC,2023-08-10
-0.7066211395303279,-7.532831432205821,-5.797738579167911,-7.615134129489264,-11.845224288188527,-2.409582153548273,-3.656561223807498,-5.015966030218099,-5.536619859892733,-11.670623317602669,AES,2023-08-11
-1.7619213613654483,-1.696388730032361,-0.2860186137182863,-0.8831661361831,-3.9413735356971458,-0.3393330882300538,1.7310811858420316,1.1122812159072404,2.0181360532880888,-0.1641495963936812,D,2023-08-14
-3.2577644609793732,-2.540922437685267,-2.9637213336768835,-4.813405757016842,-7.730903793317556,1.574484663334219,1.5844961572145877,0.14321029351620496,-0.8540780835327055,-3.7983845209432543,HR,2023-08-14
-2.9417917435037633,-0.45989168316177276,2.1823539296483285,3.142237163617434,9.022384120039595,1.2371151324651275,4.798853163531202,6.80711325569574,7.671681281127052,18.05643845920808,ALNY,2023-08-14
-1.3834315994791457,4.032694510347657,1.5440948639723673,-2.616881692533324,-4.1403569238015585,-3.895799532897093,-1.364601316957137,-6.381610794675318,-7.963833433261125,-9.758117133916333,TGT,2023-08-15
-0.057224422618973314,0.2851596655112254,-0.7468154553788797,0.323156528733759,-3.2543638176915968,-0.0557680761639201,0.4209369575189137,0.3735303358940012,-0.9357485224362083,-3.0158623687250308,WPC,2023-08-15
-3.2157966045166524,-5.619418683766064,-7.938860532861792,-9.04875656270734,-10.652002279577621,-1.826011857112797,-2.2473701287406,-3.2515544280872555,-2.9782008370708546,-5.571376787795401,AA,2023-08-15
-3.392201102905889,-3.512764758868347,-4.2731265047112,-3.651053619550293,-5.5035971219144715,0.007682900460115327,-1.4122038016877836,-0.6641461722348918,0.020015277178631052,-0.5076013076238395,AMT,2023-08-16
-1.04768070049025,-0.21662017788497412,2.7141680513016686,3.6805200779719716,5.537514023601986,3.489062150093458,5.829137022485065,5.647461299595324,5.698801189463065,9.902372369834001,PYPL,2023-08-17
-13.83021501366064,-14.674903749549884,-15.03256059365673,-14.385564064969591,-13.437409095183138,0.02526606514947627,-0.4238760843825906,-0.42205928515490765,0.6433076997065523,1.1388976325397149,KEYS,2023-08-18
-1.2327381900454126,-0.9770893810233661,-0.4026344108425617,-5.263649484627242,-0.4606842968726488,0.5131132403894734,1.0676657372964193,0.20332731380541258,-5.351687819921668,0.9557807837337506,AEP,2023-08-21
-11.509616516134104,-12.356451001667203,-14.267858791000776,-18.45329402433076,-23.535275262286603,-1.0444405469457907,-3.317655016489296,-4.188111757660118,-8.20663792020776,-14.408506768348762,DLTR,2023-08-24
-2.5288106245575315,-1.8847652827435057,-3.6071600224745537,-6.539212037704978,-1.3279027482739791,-0.3558828006624104,-1.2074260376233603,-2.3465614053694184,-3.7690080494699796,-1.057537081374904,DIS,2023-08-24
-1.5596372607805886,-0.9468159553270517,7.296955476640132,7.940699690944131,15.078753648987398,-1.2841838586280074,3.128520083296815,6.657649206894634,10.661871848200855,15.929882110836989,CNC,2023-08-31
-2.3375586005585647,-1.4330459503955284,-0.47465563473376715,4.812705242460469,9.439726657793635,0.22631491735340958,1.0852652115249328,1.7452867100804625,9.566555780705455,11.5018684347441,CVS,2023-08-31
-12.006376530895334,-18.914911973267113,-20.161525934921343,-25.14446508901993,-28.5148579428014,-4.785570947818362,-6.472166973945736,-5.7748165165369745,-14.081145050049926,-17.77576839435249,DG,2023-08-31
-2.3083907959961847,-6.145996768519513,-12.548195170351917,-14.324184615938874,-20.128791916574365,-1.3120590179806824,-4.687626829732638,-12.26160891979259,-11.913241769128181,-17.659613244647954,FMC,2023-08-31
-1.2717939417843271,-0.4657795496829653,0.9674534126373979,3.588842488738331,5.805009757376167,-1.1784277723978054,1.5821563720052167,2.2532836968743086,4.89233801759209,3.235957478311413,XEL,2023-09-01
-1.8867521033113843,-0.20246743780499843,0.4365279851337278,2.082763638952445,-2.3112913869714706,0.4681337858521095,2.8108674608551487,2.706255229121435,3.905220378618224,-0.4599032179798854,SYY,2023-09-05
-1.743463559755687,-1.029959768254174,-1.7080945156300875,-0.5674666000210049,-2.666164866917164,-0.6705834317779935,-0.47408095841893205,-0.29382896568257433,0.47525716535249396,0.2897320320090593,CWT,2023-09-05
-0.3901725529870115,-0.5796402476437423,0.05944848707946093,3.177682501982537,5.956627893320776,-0.683610336578877,-0.4729917744573209,0.47046610919481147,5.2073563709203015,6.504003404676862,HRL,2023-09-06
-0.9273592867005243,1.1248994380247401,0.06382276183128921,-2.2086678193131704,0.18397762786741545,0.4740484153901048,1.0702970717376914,-0.43245738542949663,-0.468653189454904,-0.7486872901734882,BMY,2023-09-06
-5.221771991055801,-4.130844419168644,-2.5352843678918213,0.14251703895887813,-4.717423823028044,0.12673489535083293,0.7922891811659838,3.0599797823912978,6.369993429016263,-1.2131385862054866,ENB,2023-09-06
-0.8168738221044025,-1.7345163856150259,1.0991915321985513,4.814315181412743,1.744274938953561,-0.5477131071420893,0.8281599640098669,3.944166887947631,5.157962684899364,1.3207707413721126,NSC,2023-09-07
-2.1032576826050975,-3.36601481781722,-2.3324450668683494,-4.801432181042786,-9.303872671328172,-1.8241974229107227,-2.7068515080819755,0.3198371593975735,-4.58906004713846,-8.606860294690422,SBAC,2023-09-08
-2.1031284877672696,-3.249548884545217,-2.4255958716564385,-2.9330437527215425,-0.6541019338538128,-1.6988777227054275,-0.97469490151596,1.5489934864560406,0.5286003114040816,0.24829596277647914,A,2023-09-08
-1.373096700464338,-2.0360056985106234,0.9138996611212424,-2.75417641097252,-3.3751986014010193,0.37530802154563947,1.7346974278148242,1.7471131645118931,-1.1087131607069756,-0.2209962419774003,CCI,2023-09-11
-8.539797653896597,-9.709554344334315,-9.068290512178168,-11.206416634961759,-13.17635299940977,1.699843779955723,0.6450733865550395,1.3684708208127394,-0.27057709394185947,0.9743419268870013,RTX,2023-09-11
-2.9372805998865936,-5.015104924464664,-7.578725256545704,-13.319261583473516,-8.334465781436895,-1.1697086334048756,-2.104976600716646,-6.232173781844109,-10.867846713129058,-6.712978823677339,ILMN,2023-09-11
-7.66429852351208,-9.52437493632602,-10.286590583726273,-7.539129205427542,-15.527100837199415,-1.0800887771897472,-3.902905321533723,-3.2435160256421014,-0.8969992532122717,-9.735517090493428,SJM,2023-09-11
-1.5278555180230247,-1.215691056045065,0.2040877793365703,-2.527981203016072,-2.2499810529736375,2.186117869664639,0.8885305289579648,0.3440245122710017,-0.9087185484059068,1.317545590688729,MAA,2023-09-11
-0.6639268509926466,1.9255840275289149,1.7056676392734338,4.9180847674934025,-2.7989928178185464,0.6023628187707963,3.44738218642735,2.678589099627793,4.953177151498389,0.054293923307879854,ASH,2023-09-12
-1.4084954514938963,-3.923621980127945,-2.743541555578499,3.4732900034873393,-1.5825162409469407,-1.331833864212606,-2.598986498231038,2.991183053721591,4.92300095313355,-0.24130105228307164,RMD,2023-09-19
-1.5001184087828245,-2.866806615402817,-3.9000052139317902,-6.008037688200319,-10.43196424680688,-2.0638442127980716,-3.6602840866830406,0.8105323337271986,-8.347645108476922,-14.876930984272553,ALB,2023-09-21
-1.489570648108507,-2.085458848373245,-4.289651550462603,-2.421479541401406,-6.172807462609043,0.6466155223368353,-3.743151655715771,-2.7700918085340587,-2.2191729809062033,-4.421648255493771,EL,2023-09-21
0.3515060189760555,-0.21594502552425565,0.021755934837475177,-3.333999045911651,-7.0139594078228775,0.3868188819309393,0.8796941426045257,-2.279753143308605,-0.861960074980328,-6.404332725999751,MSEX,2023-09-21
-0.8762235233880422,-2.322940804265883,-1.3759029438896957,0.46436660378423866,1.8287476677438241,-1.9138191470480237,-2.2161526249026453,-1.3592301911943494,1.5286560028794027,2.184841641368618,PAYC,2023-09-21
-6.6418881579914615,-8.650907215036575,-9.023903743193696,-8.544619627992557,-10.044475182150803,-1.5693487415674334,-3.1936860502791764,-1.7970468006010543,-2.1517883958851125,-5.820624781480554,ARE,2023-09-21
-1.5813459829668974,-3.389950912279615,-4.824909384266695,-4.197494173700888,-4.827506757718247,-0.754597385153255,-2.1988223990862976,-4.039905802062826,-1.7644398651630921,-3.447334705758809,O,2023-09-21
-0.783108090020046,0.880175616868295,-1.4269631940507121,-3.1676648393188627,-1.9345156659816176,-0.001971705101322385,0.302247807326117,-0.12300060398240387,-2.001592026366794,1.1121092821779976,GIS,2023-09-22
-0.12322482990674288,-0.48357954702713535,0.8290904918237474,1.9657160011746777,6.166186052163846,-0.09047355710496419,0.7058921856811007,0.9099600687556664,2.5353297762442217,6.517347374442717,NDAQ,2023-09-22
-0.9818738119048986,-2.1330050032278614,-4.581301521384573,-7.1646599704423,-11.337116666267155,-0.5272322787025829,-2.6666727882000307,-1.3446696841592054,-7.639688484123508,-9.168261975315739,DOC,2023-09-22
-1.3836337004453858,-2.9484585860581896,-3.3968558090689327,-2.846666747431459,-2.421631201517027,-0.5871767301414921,-2.123577650062225,-1.1502734061890951,-3.462185891149727,0.14442319607085308,NNN,2023-09-22
-10.385232022421299,-15.23466700602367,-18.233905396395155,-26.652170110230756,-28.691061258483465,-1.849081672332642,-8.68394280407,-7.211671271036057,-17.91582883213629,-15.750308851217186,HTZ,2023-09-22
-1.0558400084953568,-1.4202981347149812,-2.141266388477858,-1.073142720598752,-1.8238405898302945,-0.44827165282986803,-0.7064381491865168,-0.26111511325956904,0.7760656536962784,-0.34692451347303477,UDR,2023-09-22
-2.395560160774124,-3.5585066729748926,-4.3065313059877255,-8.284790737831393,-4.335136465090617,0.6546719964964476,-1.9745287064540595,-3.9962858224381286,-2.3155956790670285,-2.7655915800688713,CAG,2023-09-25
-5.683664143514411,-1.6162740570536016,3.314645839316166,-7.690266329501849,-11.013466142123841,7.183403688474954,9.429769367187223,6.852564224414137,2.8432525948885568,-2.9911954683316755,CHR,2023-09-25
0.13852719767193378,-1.2625546092310258,-2.6066847513079416,0.7616650998011787,-2.283891102712921,-1.7695851818816388,-1.3726229674522306,-2.1564024270308013,-1.2194647830909622,-1.4002176295704438,CPT,2023-09-26
-0.3673875242585334,4.680388332020935,3.5402119455570924,-2.455263137309849,-7.296634155495452,0.7407868629951464,5.142692205528698,3.759829245762869,-2.8185810225610397,-7.613165885973494,ZBRA,2023-09-26
-1.6878633610850513,-14.541102481463962,-21.56812031580411,-26.914753160308113,-20.917064058078207,-7.366023087072748,-11.828525619019702,-17.41616037589312,-22.311617130839434,-14.278454361075088,NEE,2023-09-26
-0.8707690527055334,-7.516047930956937,-11.669602928176381,-21.935065675587573,-11.070018597338583,0.4014605283709116,-4.537074152851761,-13.62065187156789,-20.066211208864782,-7.857520043857235,AES,2023-09-26
-0.09266847692545044,1.6295165494012886,1.6372828728066668,0.005538811764260743,-1.262399816338744,-0.08580794447660134,1.8475673924316593,1.8402432034513638,-0.020028033074526164,-1.5440460614271956,UPS,2023-09-26
-2.9344701516816234,-0.6404249681592034,1.0301207636761123,-2.084347813727949,1.8423737996108969,0.15436184518209384,4.173450818471247,1.8491652316852236,1.107257715996135,5.093656316898542,ETSY,2023-09-26
-1.9283963442761953,-6.341144155006361,-8.698325231223869,-7.407527697274907,-12.403909428986992,-1.3663005461370448,-2.743067246911346,-4.885897580167054,-4.182534928349446,-8.756426800017735,ES,2023-09-26
-2.76432596366204,-5.511831565211023,-5.206457975988732,-5.6715737648913915,-5.793444961184536,-0.8594518775348892,-4.9397884869972435,-4.237188616422638,-6.694243592125326,-2.015575884091114,AWK,2023-09-28
-2.480994122585789,-7.787242288251572,-4.355918788160373,-1.786204230522248,3.4706697347046123,-2.044324676154141,-2.2993517767908145,-2.492444521842352,-0.28468193623873983,6.814251483006717,FE,2023-09-28
-1.6092313481661846,-4.992790149809201,-2.0651745342275762,-0.5767307609215067,1.255125730497253,-0.46576814140042444,-1.678232974644922,-0.5646918460990413,-0.7379202315149547,3.769698614059891,ETR,2023-09-28
-2.479503106299852,-5.318652812596647,-3.0853444471666047,-5.0960387763725805,-0.5909744557074936,-0.16858428813015802,-0.7200606827206135,-4.568967654079226,-4.88090041984438,2.3826096338869895,DTE,2023-09-28
-3.4833894057952786,-7.224900969889602,-7.350832720884237,-7.909860911111155,-8.82761711965796,0.4221023027170423,-3.1372486364300682,-7.157895022544648,-8.017161922484483,-4.3916338196473115,D,2023-09-28
-4.330212476083428,-0.9914636499165685,-0.38258617801811834,1.5052687534089282,5.394931282588211,3.693391572564597,4.39909921405599,5.741972480114255,7.34996933063372,9.493137925631533,WEC,2023-10-02
-4.247147819894359,-2.0992073012933488,-0.9912189919735415,0.4603030222409821,6.9860551009849114,3.973715278139134,3.2034083216083253,4.9087232229397815,5.951643081952085,11.675327547438897,PPL,2023-10-02
-3.5919542699884954,-5.321969774262458,-6.057627817528533,-6.217056489931938,-2.5856822248499274,0.2689645532663487,-1.4816680146767958,-1.9453776201242556,-1.831302463696205,2.4864623062401447,MMM,2023-10-02
-1.5749631503330974,0.718036684806278,1.9460292038984361,1.1023315258779531,-4.820618154303924,1.0845911519149154,3.761390999806924,3.7006080641284855,4.303489293982321,-3.1076209537257755,BIIB,2023-10-02
-3.4693241768191663,-2.9127181559529203,-5.51034375367806,0.3348334639889927,0.9093243193351475,2.2615737357390198,-0.3124525045402393,-1.5610028261428766,2.8637487701508757,5.087807598263083,TGT,2023-10-02
-4.017285642150348,-1.6040398605118633,-1.8048338942254993,1.205715790688977,6.414214193453405,4.0639029350496685,3.243527287247905,4.904520506048682,7.758747765042483,10.345700523792868,SRE,2023-10-02
-2.320623811805922,-3.643713911199276,-3.3891804779545565,-3.905255985344891,-4.619190014303875,0.3312017077159335,-0.5720436888661307,-1.6543306269823144,-0.043031992303865785,-0.7831920835206341,NTRS,2023-10-02
-4.521646993420092,-1.321738334152367,-0.6263605603743061,1.7427983287799043,4.920727230214306,3.5894894443650016,4.700453312034147,4.975287828872821,7.769056563260347,9.676811998437241,LNT,2023-10-02
-4.742780200017904,-0.9031285595240024,-0.6136844733701241,0.7730190240679891,6.114153073405526,4.809580695692739,4.008912439874424,5.2578776782515435,6.255422540191845,10.642208589350343,CMS,2023-10-02
-1.0151653026589935,-1.0365773149794255,-0.311104966375475,2.323140326152262,-5.537941740974539,-0.023056708602631204,0.5187362794782269,3.151022995288999,4.317928073837507,-5.134114245001176,PSA,2023-10-02
-2.477919716783028,0.5556429152142162,1.3699825740629334,-0.2121254318069532,0.7881094193632476,3.1697218514816883,4.750670611803853,5.232673926421971,3.55804527447674,4.896988346593267,NWE,2023-10-02
-1.0697061821530518,-2.7981668632493406,-3.3480194483948456,-0.7924859176056342,2.1548745305158823,-0.05446543556709704,-0.8672352604340627,-0.20534060963797174,0.9502068617282866,2.04622588663973,WPC,2023-10-02
-3.8063711192435346,-1.2538522695829113,-3.5256546715180748,-3.369910773877971,3.294182176534166,2.814807080196735,1.2860322020332937,2.211861326773734,0.9745853885396283,6.531059356216673,CPB,2023-10-02
-4.13065368627038,-2.3706250977173937,-1.2817032752703073,2.757839045511079,6.655688374482449,3.3266157210680602,3.6553867340878066,4.798708316685851,8.460166001611036,11.455866118694669,OGE,2023-10-02
-6.038032204247845,-2.055080532731335,-0.846559133454805,3.5166625512082383,5.834379469468942,5.739473567049435,4.492023679149115,8.37704635455776,11.72606774844138,13.29704726250014,NI,2023-10-02
-2.8954164032031104,-3.7285794102139835,-3.2717629038922946,0.9486058699494704,2.2444715720575603,2.4262247543874182,1.805647653812148,1.3723416487498197,4.724359371605247,6.247255990328404,TRP,2023-10-02
-3.776207558497102,-3.4539804274043906,1.8185445589701033,5.771404848239414,9.396865617830908,1.2251317926899596,3.778167581769254,5.586339352706227,11.573992641714458,12.529973857795152,NEM,2023-10-02
0.19334556305417028,0.5370444328098856,-6.831493368981689,-4.454091434671625,5.937440309064379,0.492062308029495,-2.7398737794090966,-5.451196716257078,9.145918855932901,-9.32403003319856,VFC,2023-10-03
-1.6201872256478511,-1.739394033154773,-2.6260954785818136,-0.9568567351514901,-1.040011638598859,-0.4963540741215189,-1.151568337422626,1.2946054629370707,3.300593569564292,2.5815066264639253,BAC,2023-10-03
-7.119651404696459,-11.829025614764232,-16.129352801861707,-19.24188801696637,-11.386432745637876,-0.94697621589096,-7.169686789432317,-10.321903331445203,-12.65384924117684,-5.433655484379563,MKC,2023-10-03
-1.0590545862307676,-0.45350510326400695,-3.387652224980753,-1.3412302684421507,3.7953901505887178,-0.19217577340091552,-3.4938087204870016,-1.5827304505334316,1.520668973031869,7.6534004769118535,KIM,2023-10-03
0.7271350367252127,3.650058561794456,2.8678620193035353,1.6520368470217317,3.7315687885421944,0.40491252919061527,1.4094214615217204,1.2002476700822218,-0.1536775856974648,2.458174825475279,AWR,2023-10-03
-0.8937841198173202,-1.1975687803027713,-0.9737422112418903,3.632992047248962,10.57997308347014,-1.2267211039088455,-1.1915332478044771,-2.004330879137295,2.9669704087263993,14.38376288195251,AMT,2023-10-03
0.3964844933886491,1.7343214192405698,-5.001243097295749,0.043101326284467056,-1.4295359235141918,0.7562836180977417,-4.449812704939116,-3.6789811037562625,-0.7911576865285097,-2.3673019941905515,HR,2023-10-03
0.28925816788897274,-0.1774653841974949,-1.0798991098730282,-4.835169663313755,-8.749625715749453,0.14761481665077625,-1.9494628051504925,-1.7228701311121641,-6.8585792251751325,-8.177638903452745,MTD,2023-10-03
-0.1874958913330893,-0.22592083137364938,-3.4679570071574295,-16.420524162518635,-11.474126263433202,-0.53844614956986,-2.6176053286235623,-1.906076266335499,-17.112090860825745,-11.285912369599703,BAX,2023-10-03
-0.8130333383371546,-1.1866673026970975,-2.1900384141458007,-4.706955064331842,-10.081717173928904,0.06340190392850609,-2.4708059515012315,-3.7428383127284026,-5.057589652103389,-10.054634480951975,PYPL,2023-10-03
-2.8911767352860385,0.4334114377352982,-5.298292646863745,-7.430623630536359,-11.404573764718894,6.463362740121548,-1.55852181047742,-2.805266721396571,-2.998199842894078,-6.032130692901028,ALNY,2023-10-04
-1.1217486857303949,-1.0270259004988125,-4.145042645844987,0.5486334712123675,-0.5912642412490565,-1.0383587813894257,-0.6848178082028422,-2.2076934208679733,1.275583392909363,-4.156003193297075,TPR,2023-10-04
-5.974106938576851,-6.3665851798742406,-2.372237372235464,5.7138620768054205,2.5964541358602267,-0.31116207120210904,5.412546355805503,5.975200511688027,15.158202923451558,7.93605595977851,DVN,2023-10-04
-1.811678882417711,-3.415335197865965,-2.7530104588332938,-6.768815525278738,-9.329735296555487,-1.4892908072306588,-1.1144854062643983,-2.0959580989196924,-5.530452058009716,-8.560882889721432,GM,2023-10-04
-2.2830000319021493,-3.2735189285149957,-2.1549939177087696,-2.1085997447982674,-2.187260959680948,0.3311696543101261,0.4982174809486706,-1.4202926802735716,0.2394925207356735,-0.606998472962128,HUN,2023-10-05
-2.6366304651292527,-1.2918702604626464,-0.03047642564779629,1.2582495674404726,4.823562492151279,1.19537089201176,2.9107173616234494,2.054313199274138,5.090646461956561,10.906502699834908,AEP,2023-10-05
-4.7951533711814935,-5.72115074158247,-5.162147300436515,-3.1056011732898736,3.0145738654089094,0.9264854490909746,1.4588461328451707,-0.6781889576103373,3.9842406437742506,8.229385863248217,KO,2023-10-05
-4.662642736888722,-7.97969460119996,-10.348241194568564,-10.486733325570285,-3.4407105764734047,-1.2205156706354137,-1.6669909296854302,-9.405179117169427,-5.873524095724402,1.1184058084733994,KDP,2023-10-05
-0.48802341057624377,9.882424800399804,9.350222052004042,14.907058095904492,11.35685094322021,-0.17533938526341775,8.642027582562296,11.758625789955303,16.47615259829123,12.074246983405311,NOC,2023-10-05
-5.452678626092444,-5.642126843319272,-5.373326319686478,0.2298751686531597,-2.8411290413639656,-1.6234211475025018,-0.011719008749333515,4.9884129087442215,5.732792908164141,2.486038431674964,ABT,2023-10-11
-4.728366500236636,-4.8399206518654925,-4.764348863666346,-3.028799724459541,-5.406917683065681,-1.9996457698707393,-1.9166857400456871,0.7172954785880425,1.8428826546665995,-2.248660477189657,MDT,2023-10-11
-2.281381577993069,-0.6771120866570168,-0.21195350038579752,-2.1658411431606073,0.9358512868934632,1.1263107359837932,2.1970846380846343,1.000920917224879,1.6697044601524103,3.2653375657600403,SON,2023-10-12
-1.8867987231214967,-0.2205963782667575,2.197699247629503,2.678732550021989,-0.6782649390531192,2.4232400855887626,3.61879579662987,4.090741128062758,5.639878956760813,1.7077474281961713,ZBH,2023-10-12
-2.7236910745213616,-2.341326122206988,-3.754295055380974,-3.670618446521357,-6.364352372862969,-0.10688768407624005,-0.223910452454823,-0.7171251602926199,0.7041769097544286,-3.706977279712176,GLW,2023-10-12
-1.4345108499464687,-0.7660801353279734,-3.7495785177531826,-7.766001990675676,-7.991817580106908,1.1694458662337093,0.5274582704751785,-0.40938940546457747,-3.361396818831741,-7.413843884403393,TMO,2023-10-12
-4.415031679675308,-2.5868752520458727,-0.7883209403654057,3.1921610330990386,2.037134993959988,2.2462363401644314,1.462926508608886,3.480107555486067,8.008053973644525,6.627338344881695,KHC,2023-10-12
-2.1821487566144104,-0.8828545439277802,1.0375158118953065,4.135853454610705,2.7200520094369462,1.3681016733401163,0.5590678299821183,2.8902637644835805,6.626805274734537,4.71199818798913,PEP,2023-10-12
-1.2455623394472148,2.1890298818941223,3.280037212917797,4.97344730851571,8.679169546134858,2.3614987294148904,2.6418856609016883,4.811696554546985,6.701458846985187,11.126059196118177,CLX,2023-10-12
-0.2783516846900813,1.3969168691613243,3.8347911484945874,16.385171846155757,15.196279776550892,0.2772921673452444,0.9798851291031974,4.756370179048797,13.255630065035518,13.679935172255675,VZ,2023-10-13
-0.6280383268922218,0.3566908572934846,-2.23668728969878,1.714697507202656,-2.6284889369198594,-0.6759254539458359,-1.5069013128635733,-2.0500908284963426,0.8370777288148612,-2.186486597555559,IVZ,2023-10-13
-3.5770918075667018,2.8994110926622296,-2.092182151685673,-3.3576955231666368,-28.46255190659328,0.2954383343383382,2.9166795161407966,-2.877081653241686,-3.5547636587844433,-25.810133266603852,MTZ,2023-10-13
-7.522139861157939,-12.203588093102713,-15.820229714678181,-22.021354904131172,-30.84980334411758,-4.4764853253344015,-6.658639444129399,-9.416526413683112,-13.35608895845487,-23.268630478549582,MRNA,2023-10-16
-1.2420959571705081,-1.6397574370519914,-2.647780813586675,-1.5493452935397949,-3.046433345845534,-0.34815399835296246,-0.6174337628944149,-1.0881565101237607,-2.0130705658564785,1.5764300049499802,KEYS,2023-10-18
-1.9937950125734405,-2.1035877201969972,-2.8037153230317196,3.5450444887099364,5.691634440009286,0.8302295837886886,-0.783762340077343,3.5359740422969077,7.233254405051149,6.44523450887795,CMC,2023-10-18
-1.8278059715042039,2.2399689248387755,-0.057603513094950376,-2.962375270140205,-2.116144539920395,1.556934594364967,4.273277157439271,-0.3808746019099307,-2.1512101716646526,1.9818997916729586,WAT,2023-10-18
-0.10979776159605326,1.7356939420275053,0.8155240724178725,1.1851695857993727,-2.125167148979301,0.150366667509938,0.4976530633851839,2.3011616587243933,-0.20448206004923808,-3.0517948236962855,HDB,2023-10-18
-1.7388747640485258,-1.9804455433688912,-1.704643750345225,-2.3354256977132777,3.185075084874245,1.2424664839882027,-1.4768435045249495,1.8189377472890955,0.6773909722899374,4.69443898078188,MS,2023-10-19
-2.432229398698249,-3.21734262369302,-6.317448816569837,-5.022064473775934,-2.6115565193209234,-0.10881581070456559,-0.5204996306160448,-1.0254446218801117,2.622874193722824,-4.992672457402003,HIW,2023-10-19
-1.7727215322612122,-1.967927187611218,-1.8851085476356504,0.2511865220013454,-1.8941361200625062,0.2731223342351208,-0.2787195644952445,2.6652455011462184,2.4006030903565234,-0.009864484985011579,JCI,2023-10-19
-7.718627796897081,-9.460662855712142,-7.162833238317268,-3.4602768009848295,-2.4701670857234515,3.3990115881607386,0.4013194375135587,3.2974887266408293,10.394634411410152,5.5296935802128475,AA,2023-10-19
0.28020492912647077,-2.164168279184231,1.4576271449504796,2.2047250279815467,7.374301260880034,-1.5699878328854,-1.5865397263722159,-0.8902381184084263,4.952189498109361,9.063624308703666,C,2023-10-20
-11.149864533792886,-13.360372789341602,-9.184408685649403,-7.386787459968414,-8.008419974762626,-0.2477326221665077,-0.46912478855120066,0.8110996290042083,7.250938362702831,8.130169576172165,RF,2023-10-20
-3.272793266943652,-4.56847170737168,-1.327067501469703,0.8948805197406262,5.251353177270901,-1.0001920479330129,-0.7703044380774737,-1.6538604084301074,8.481769973839093,11.487679190608734,CFG,2023-10-20
-0.8448825602391019,-2.006679558346003,-1.3363055553720415,-2.5257245687911323,-4.029424586712649,-0.47849091271697786,-2.8633698421681175,-0.3292225531102311,-0.26719142462239276,-1.081656634658268,TXN,2023-10-20
-1.0667465593864667,-1.92587062207632,3.3984089422332553,3.6713247127617477,1.30543350604293,-0.024593968178610037,2.9919084658862394,6.057915257171631,6.047679737965138,2.6210015805809617,GPK,2023-10-20
-13.015641882813322,-15.834798758084334,-12.545758268583596,-20.47182027324785,-26.893288675047113,-1.3562273836830174,3.4578795012481067,3.8331867091514926,-5.4999768010238315,-12.892661289116846,FMC,2023-10-23
-0.6414051285242306,1.129912668248445,-7.139810949631075,-9.652241571580845,-16.981659912475923,-0.7895502370180107,-3.765313488124123,-7.552105261050368,-9.58943250022799,-20.93514850336021,BMY,2023-10-23
-1.0609744051990222,-1.8209241375300667,-6.296372354240242,-6.496680420316969,-4.888646983066258,-1.5593202432982012,2.664919649602082,-6.373310369710328,-8.041021929111313,-5.147458597346288,OLN,2023-10-23
-1.2907145697435563,3.092106357151292,2.399831674094821,1.4096875950157184,-3.5267503894041985,-0.7539241985764056,5.369649945093691,4.711217691387226,1.4488393680330613,-4.06596622580524,HRL,2023-10-23
-0.988163958547561,0.8104453107678378,0.7344039493031862,3.639387397827698,4.1061617990414625,0.2084218984159003,2.291555623799657,6.560316016858492,5.7743497591277615,7.072662529895269,XYL,2023-10-24
-4.287387871954939,-3.2008324155751278,-8.128686329979883,-7.802557824110868,-4.618084057927141,1.341853932098458,0.48987056198753764,0.8616945301990753,-0.3287768626640819,5.983664793725162,DHR,2023-10-24
-1.551694955552485,5.191790990979916,5.128348653868087,2.8857666308996777,0.07100825409509426,5.215208398745974,4.285413103826141,6.769059218515117,3.954291586775338,3.291236597933511,TRV,2023-10-24
-4.137869507491887,-2.7190442565172996,-6.313853921921265,-5.277590644803743,-3.795170596189501,1.9211131589661368,2.9305520932154216,1.738493751619119,4.285134227425269,13.430875050523138,A,2023-10-24
-1.6148757653625223,-9.398760148783802,-8.322440900097417,-8.757357153247114,-12.004487232460859,1.6454519595387906,0.24539982595623844,0.90418823322167,1.2659908210622683,-1.6777832042729868,EW,2023-10-25
0.3230622668412786,0.26111318584403076,1.111861712038087,-0.3591909396217785,-0.33928276948254066,2.1656030971084372,0.21954942472187655,-0.13077300053701002,-0.7829932446116628,0.14551404363634113,STT,2023-10-25
0.6263257940599676,-0.0415474340326738,2.7624715727241567,5.139789595059253,4.96602923588494,1.2075558725776037,1.7726301298504055,2.2110171307362148,4.57619229138766,5.061823344551565,GS,2023-10-25
-0.8992763474255816,5.74506371556801,7.011818535591607,4.104375711906272,8.113662817711553,2.1188466539307504,8.718768440459067,5.988986930153972,4.884660553952246,8.259175228194815,EMN,2023-10-25
-3.8899193356642274,-2.910300573447167,-1.4954704777472516,-3.3689974285637803,2.3711276381786606,0.7622287469352562,1.2539015045348378,0.9684519466596431,0.7049727850035881,6.785326505228717,NSC,2023-10-25
-1.1190138052715293,-4.793381732676194,-4.3687955945241,-5.026514797419612,-5.870744407031436,0.27894420895857586,-3.3862041975635915,-4.064757214210468,-3.4043070118287666,-4.562780589927473,TROW,2023-10-25
-0.42196297266013927,0.5990568231128535,2.2736967753235193,-0.3014541975407736,-0.9869280615313336,-0.2136809891254754,1.1245640109502242,1.80563099669655,-1.3357887950184333,-0.6516976273444719,HON,2023-10-25
-1.4753062290445595,-1.249872174079036,0.34764360622572266,-0.6518230289242144,1.7643891235779252,2.0171235757837747,0.5301114721983469,1.589361541480172,1.6673404282333104,3.898100157020057,PLD,2023-10-25
-0.7672801923164441,1.4533610996834478,4.218381312350927,2.0768320453923073,0.055075084233968674,2.851648817706509,3.324852227319308,5.668655398568823,3.651429270212626,0.9119838764343182,TRNO,2023-10-25
-7.116407685131199,-5.532462464538823,-8.043050843716825,-10.836631779237816,-12.780415983911697,-0.6041176718645014,-0.23662921261471404,-2.0222974847678765,-4.178716562363438,-5.956540189511527,MO,2023-10-26
-0.09221312791891645,-0.4313151410103577,-0.3435714785708921,3.777406692862927,2.4489452521181843,-1.1121460935765826,1.1351723509136713,2.7869757735903944,2.917067851087917,5.479852069266002,FIS,2023-10-26
0.9329640874907286,0.21312166900587792,0.013318915585469604,2.883703578386654,10.48804502262597,-1.0275928594757455,-0.5113204326069765,1.7500009300897235,2.2108875810084694,9.903821444197348,BLK,2023-10-26
-14.629291969225688,-17.90491496465608,-17.997939890209512,-15.425739790420023,-20.928600243745187,-1.0136132641115903,-0.46238298541889655,-0.5827101207168894,-1.0011537263861614,-3.367864395804875,WHR,2023-10-26
-3.1752804439229902,-7.279053575592831,-8.917320158287023,-9.765883731235725,-12.969694016937371,-3.437826784946929,-4.786528965830006,-5.681090787102583,-7.2450868087911235,-10.084427347358481,MAA,2023-10-26
-0.8213331188832163,-4.849658030690696,-7.604924761887178,-7.553084790400922,-23.166708163514315,-2.02885787883732,-3.673109893309201,-4.181880291323181,-9.642721874200287,-22.5587964698694,ILMN,2023-10-26
-3.1907910738871226,-1.643714595612944,0.3533669069699208,-1.366122845405937,0.7467856926649539,-0.04906371009525401,-1.6893488653139555,4.788266078023872,-0.44491002770110644,1.9374449034102792,MTB,2023-10-27
-11.793417741576251,-14.127042840540259,-13.681807355450259,-18.36546947667763,-17.303695411714834,-4.270978968215133,-3.0706683588357486,0.5489977404504076,-7.945235133538953,-6.486418636380109,F,2023-10-27
-1.8285738056145973,-1.8124907063387763,-3.581790705466603,-6.220979221302048,-7.193761517786034,-0.5521467544627345,-1.1374165542878067,-2.2527570272511843,-6.493900969707389,-6.283423559032997,JNJ,2023-10-27
-6.267212071724582,-7.198304574514958,-8.284787723041099,-13.438439172094384,-15.745953626026742,-0.9003844347779122,-4.070495283704457,-4.507674127512362,-9.14840018783577,-10.518876651369169,CVX,2023-10-27
-1.9759462148291496,-3.3161801819503567,-1.1388820897498153,-1.0991927661094802,4.598049588695343,-3.403580307520304,-3.5519287020637336,3.007644524784835,0.8926834645534898,5.6573207100421,IQV,2023-10-27
-16.41328966939075,-18.856363117230245,-17.80240596267364,-18.36968317094486,-14.833515206343272,-3.996974834600775,-7.613043329116365,-3.317718476006437,0.9225860013415632,0.6749515104509838,MTCH,2023-11-01
-6.887357437819308,-7.597858648712152,-9.956994400118145,-4.16482675892329,-11.312069418957794,2.328834022481785,-3.2728766043974233,-5.074884821716696,5.284005117526647,-9.622816057290517,ALB,2023-11-06
-12.931365397355233,-8.950606080544398,-10.051055369943295,-10.8361840828198,-14.850777133889515,1.1574264463966477,2.5421062465495137,1.832591226652558,3.8818887002319613,-2.324321423333453,APD,2023-11-07
-2.6773853503710865,-2.863232153026596,-5.144875700698648,-3.8247896541992565,-0.9083863286978744,-1.9923239143208593,-2.408293966175412,-2.0579466404017754,-1.2115171251026124,3.446376308488852,SJM,2023-11-07
-2.559140365199253,-3.0536184636442587,-1.3128243960986996,-0.6133023444035102,10.438090627214013,-1.2151335211697756,-1.1711333329366136,4.513833035761516,1.9677433488823004,11.411304397386933,BBY,2023-11-08
-4.0666319371795545,-5.113928262734535,-2.503144864137008,-2.078419072419746,4.832952375669164,-2.000234702587711,1.2126417322060323,1.2791254629350712,3.9857320947235486,9.194660006743405,ASH,2023-11-09
-4.165892242502977,1.5733897872473035,0.3787008543801651,-0.996212959912679,1.1748428241009634,0.8595548853798984,5.344454743840421,4.929124052974343,4.009932955357609,5.42643372282785,MSEX,2023-11-10
-5.032875024947581,0.38904744862158225,-0.3290774760626336,-7.460271582784128,3.8889051498131266,-1.5862810543199046,-5.582715696836771,2.3461135030486746,-5.824942737200589,-0.8326716522718103,HTZ,2023-11-13
-1.3313734453239578,0.6127554510153566,3.0925738052205665,1.2461464173870729,1.7985573792797416,0.9179614746046005,2.254476171620756,5.566292650965576,2.052899638387662,3.289915189918103,MRK,2023-11-28
-7.0055874540210334,-3.8339086760529995,4.555299977498484,-8.376522156371335,-13.020343161622662,4.050582500947353,7.676095670949734,20.914246937989024,2.164950359788098,-4.971391782544032,CHR,2023-12-01
-3.1030392021956343,0.810430820037511,0.7729424472002311,4.301925483240443,-4.027633737571468,1.4052430544917227,3.6543919085973764,5.587895149527244,6.555865710738962,-0.43306019099267345,OXY,2023-12-12
-6.194194257430775,-7.577341077466005,-8.019256494282246,-6.384454488311642,-6.8313234576094395,-3.21862248775886,-1.4108972740741854,-1.2878088632602314,2.3443066159278603,-0.06557236374920006,EXC,2023-12-15
-1.8154818799254513,0.26606370997532824,-2.812544723459176,-10.569464312947552,-15.299246985922077,-0.7238200920477444,2.2779288333513836,-1.1355983542486348,-5.953955105072694,-15.96745128386383,MSEX,2024-01-05
-3.189540985870787,-6.6363355349755455,-3.9806178372348566,-6.14179808164097,-12.346108455278538,-0.6935174520209086,0.07989921189476279,0.7410714644039862,-0.6392676560865285,-4.917658962738303,NTR,2024-01-12
-2.07190029524289,-5.883483310616954,-2.813967223981051,-7.590362588467269,-21.822503891706994,-2.7168643864992736,3.148094685197189,-0.9999331486332252,-5.905958234426578,-21.850357298560397,CHR,2024-01-16
-2.181388557687536,-3.911493996417348,-5.137805084120428,-3.060745863728598,-6.336931493486753,0.07148226500054422,-2.3541819275246123,-2.066632148381964,1.5559376608329956,-2.554829165133543,DVN,2024-01-16
-0.915200630143187,-3.6594235313701984,-2.6234617696139884,1.1689105791074628,-8.498351971561657,-1.2465351987219986,-1.8033535364007536,-0.05293744790195731,0.3475128059279742,-7.9845625534334275,APA,2024-01-17
-8.581110613274078,-10.307520190942064,-13.87573897244565,-12.284987353488674,-18.448653513410093,-2.798331118368036,-5.000920079956339,-7.667845094084725,-5.93889504951457,-13.964244187170117,HDB,2024-01-17
-0.170914146261536,-2.336675511077113,-1.8656444441713438,3.9688014552363704,0.6682221173977432,-1.0954567976326324,-2.548503191412521,-0.09329544663172484,3.747423155954821,-0.6394581885722062,XOM,2024-01-17
-8.880143226639003,-10.874200463601413,-12.904128534683178,-17.808641132055435,-24.652723741994787,-3.431755332681252,-2.4825724957865503,-15.85428448038003,-11.115679028275917,-16.68839240202117,HUM,2024-01-18
-4.1516144437947045,-4.48358700132625,-4.397096595802119,-4.1666535279273775,-1.687897895834789,-0.9352021934076693,-1.5157490538794116,-1.0698412699046256,-2.118512090652347,-2.354871537626435,CWT,2024-01-24
-3.2495677312984306,-3.820649694186684,-4.512644937031773,-5.124183015475337,-3.9930250384114463,-0.7936703413100377,-1.461166093600963,-1.4153019135455414,-4.288014615368729,-6.969352189414302,AWR,2024-01-24
-15.92570790696607,-13.467680438140306,-16.006055682077747,-10.037235503205599,-9.48868511973512,0.6132922653089956,1.2022540842115292,1.0991775669333625,5.229682304105232,5.748991813771798,ROK,2024-01-31
-1.7351829141456054,-3.5997626499704505,-5.12916294653718,-7.792710260153013,-5.931542497823639,-2.4298958294174278,-6.134521952332006,-5.874509461360889,-8.598384845428642,-5.410873128294636,MOS,2024-01-31
-17.564219320331773,-25.055135532501883,-27.950981922221217,-25.68702815598232,-28.15920001069496,-3.5775310662490067,-11.020796955991251,-9.281635758726214,-8.35453952712557,-15.351614408879167,CHTR,2024-02-02
-2.6873083508330065,-2.967210707704293,-6.093585032166526,-3.8917983819918733,-5.566149918805463,0.24730352890938168,-1.5896376814821034,-1.4725655187056264,-1.7209570641395833,-2.6028430049178874,NEM,2024-02-05
-4.467369001677913,-0.05832227825592895,-0.04649271697274582,6.255969557083607,12.95541471474695,2.6422670191197373,2.954208533690661,7.660060179736993,3.7172031900437164,-3.3345651893636585,ALB,2024-02-05
-15.187645503812764,-17.33291466538647,-16.232480623020308,-13.175341917238914,-11.284900518646957,-0.5921029301267922,-0.6227876783868824,0.06254120067943347,3.4340467512506967,6.572056883732813,APD,2024-02-05
-2.250247203733269,-3.6016836518908857,-6.418330791720672,-6.305225112797008,6.728456540486615,0.8525258571972172,-2.1126394312422914,-2.21570738647221,-1.8967486235305642,11.382657718057976,HRL,2024-02-05
-1.7610579368325663,-1.486376220348895,-2.870355817762338,0.5864590167433681,2.884074342584886,0.5722527485566342,-0.784792287074243,0.5490713880017317,2.4468544241153634,6.068062425251464,EXC,2024-02-05
-3.064366190739365,-3.9136982013694532,-4.115725604804898,-2.5059896373756496,-4.066321628540792,-0.8585950770624851,0.40976804573220615,-2.003584561117211,0.6762310891014645,0.5170846391968187,CCK,2024-02-07
-2.385547079898098,2.7132725861789275,2.5523859165850205,-0.5977485454097486,-5.224755527256231,2.4680942399297745,3.6199843880492244,5.040041647807825,2.725854023711771,-1.8904162829845417,FOXA,2024-02-08
-3.032509321914867,1.499054635742314,0.9989291981791215,-1.9965123470598756,-7.261375431737438,2.154095210945206,3.246068916086209,4.573866341829369,1.68038711095857,-3.2126197909098098,FOX,2024-02-08
-11.29550987318726,-9.652611461947767,-15.171476967808696,-11.210715963020245,-12.946453018606153,-0.25772252176303745,-0.44798188623529356,-5.972037753314774,0.13898149998268217,-2.9981772035988508,HTZ,2024-02-13
-21.5200593876659,-28.288284352756655,-36.0488344742575,-37.621505154232025,-35.97040563253098,-9.791746853098337,-15.802677423378952,-23.779398638911054,-20.45151471047202,-18.488226546050402,CAR,2024-02-13
-3.516306312571593,-4.438974107139604,-3.0777924325558925,-4.631519651943606,-4.470177828180367,0.30482612933400155,-0.5141840710232493,-1.1897237465080313,-3.788524406860516,-3.977231831834238,BIIB,2024-02-14
-10.87578611541742,-8.445968460830722,-2.6074506845968792,-9.863589893602276,-12.801078496773144,-0.17767834874542476,5.51022941675855,5.356951003725174,0.9555554808559963,-1.0151545376619442,ALNY,2024-02-15
-1.9416868966253054,0.7244627503791068,-0.9179895567968943,-3.6040299408693244,-0.40831745899103655,1.179136522930102,0.0626908602074483,0.6024597883860006,-1.6385786980255945,0.38936277258092566,GILD,2024-02-16
-2.159061289296693,-4.214700215209877,-5.124267709820007,-3.058039598934692,-8.01710104329546,-2.724584571585731,-3.9102976037138415,-0.7623206052012499,-0.04926977234269714,-6.181673211315686,HR,2024-02-21
-7.298794208292437,-8.560177586321272,-7.712267904574666,-6.959558555547296,-10.326672568442474,-0.472726354741726,-1.9834326452223938,-2.267719766465759,-2.420968604825602,-4.523690873809649,MSEX,2024-02-22
-8.994842616916577,-12.654818319034511,-16.694215791048574,-12.616815608697308,-10.10460896054919,-4.9845104460290335,-5.649412182164914,-4.46047620830663,0.15381903996605217,1.894536419859838,XEL,2024-02-29
-1.3699005613115545,-3.0741835126963934,-3.381622285276442,-0.8221748828070585,-2.04215381197288,-2.1753743012686066,-2.862451083320916,-0.3739602928240271,-0.938978647202926,-14.1686040608475,HUM,2024-03-04
-2.712178709165436,-2.6044606156435113,-3.1238619042432414,-2.571697590400457,-4.741041898622623,-0.35698723300086055,-0.3449109713176135,-1.3473585302197444,-1.790567167657553,-3.6882195476889867,AWR,2024-03-18
-2.711037795847915,-2.695231693093358,-3.9401975519726022,-5.001023325694399,2.629159516851909,-0.7501702204559368,-1.7696902239558443,-0.6654445387328289,-3.096081080624325,6.672600812558127,BIIB,2024-04-02
-0.947917941659826,-3.7084503091903476,-2.4520709167535903,-4.404762437187659,-4.692311280869754,-0.6959838904720184,-1.125607987337307,-3.9285468919073256,-3.059009699595594,-2.416595613253303,CHTR,2024-04-03
-0.6696300853887727,-1.9407965263584015,-2.8889947264622795,-1.9550644845383718,-3.919683912678573,-1.202522483471724,-0.8594825387803873,-2.4532245458333324,-2.424350641172668,-4.689257718707186,GILD,2024-04-04
0.0030707235422977597,-1.5694970856221957,-2.081850332200752,0.8238467727614829,-12.407116638859227,-2.2392224423105955,-2.0941890565980392,-3.2362031097707855,1.787701953196541,-13.188375872219217,SBUX,2024-04-04
-0.9580073283538493,-3.180359619666717,-1.2094064823526929,-2.3867802668645073,-0.37179606341986027,-1.3909114528296684,-1.9306701180170527,0.19777427450072826,-4.117731927571955,2.773068656485944,BA,2024-04-10
-3.2986660872817204,-4.2290110604744635,-5.27946488436125,-0.8876871267075037,9.299786406976686,-1.231975085214454,0.22077837373950526,-2.133311404869587,3.541012398309018,12.372346323084681,MSEX,2024-04-10
-2.6055826076936905,0.8987770276122076,9.069857002632753,9.971034699466518,11.21490952736417,1.1214216477053562,9.27706465628062,15.56738654480454,14.955406934710103,14.726205879025667,UNH,2024-04-11
-3.4808010122535866,-5.956560289066881,-13.23800342497614,-32.198839454727874,-32.22447006385314,1.5435080044874927,-5.105848486571041,-10.155391493026256,-35.248827030507904,-30.880012675409375,HTZ,2024-04-12
-0.01873305632930089,-0.004694216181344579,3.2788896057537653,9.50779791837878,17.222695878977113,1.0056182293227134,1.2746596744819372,5.970227789659665,8.214823011842942,18.14920707602228,CWT,2024-04-12
-6.388171871770165,-1.4716221844506494,0.06412179594399436,-1.0830944372669737,-3.4653868177813907,0.19417773536182237,1.7719513460282221,7.550187634255289,3.4385981260728227,-0.7340889884133617,VFC,2024-04-12
-1.6800240322734639,2.158514764717412,3.7657333158882977,4.31986867926315,12.73943106575075,1.9621727211662665,5.773303604773295,4.875882382105656,7.756886201642644,13.682558908809206,AWK,2024-04-16
-0.3623705284852785,0.08784562957194764,-0.8640414997028723,-1.5801276863229852,-3.128833337508441,0.31610541058038066,0.710646593961739,-1.7985076749076456,3.460641227371397,-4.184429796553002,ALNY,2024-04-17
-3.345225783594552,-8.454307696536734,3.3262832885124327,15.826379252454316,6.0870722523651555,-0.4159904086576405,-4.106941892005889,13.443015298130279,19.733365827348237,11.52631739844192,TSLA,2024-04-18
-1.2067263812101325,1.9672588388329526,-0.45915282997155416,0.8997258503628869,1.8369631394766106,2.9459255661684947,1.687448561791216,2.9408866215703267,2.0168299880277463,2.24743311185418,GXO,2024-04-18
-9.754480134130228,-9.228142922613191,-9.511715801567668,-12.540849080500482,-19.322934595301266,-1.3789390220100284,0.14201608302614188,-0.8321167000116536,-3.165524993767743,-11.753038605929023,WHR,2024-04-25
-3.2309616909104277,-0.668357567111344,-7.275716101922092,14.261664869534396,5.187641738506787,1.461627429427792,-2.6783474507012905,15.337559445267335,18.876597530671923,7.2061827951740876,CAR,2024-04-25
-8.134241419254884,-9.55698041200359,-8.51584262599836,-12.952978656572867,-18.175958756926725,-0.566922317451346,-1.3563222061963032,-2.499251230453625,-3.178573680448671,-11.490614382772314,BMY,2024-04-25
-1.2531207216560758,4.2728476642626685,4.1897292658238605,7.230657266605943,10.020482688496312,1.0769176047967677,6.700358578685028,3.861508635176114,9.71287346057701,11.139592123765585,HUM,2024-04-29
-6.22707261533202,-2.9863129074856554,-5.88281846143831,-4.039138569098133,-10.643187725694958,0.5472833418830647,0.4717840607093349,0.8485609800172877,1.2642330423402237,-5.544027806366358,SBAC,2024-04-30
-16.511805649657386,-19.296693767707527,-20.69837609507158,-21.54151123068734,-25.5404558157055,-3.134300123399758,-3.986536600952606,-5.9902124715056075,-6.112427675495025,-5.069570973565307,CVS,2024-05-01
-6.013844861815265,-6.215342388077893,-4.56844544350038,-4.946376248908324,-4.01455015618557,-1.309233747038041,1.7136168767699855,1.148505006823397,2.527676040736715,3.346541880168541,MOS,2024-05-02
-5.2632124966890075,-5.143374542762292,-3.332838294294249,-5.750741294727546,-6.9734982453720225,-1.273711197905747,0.9844107707275063,2.5026515353772982,-0.4484619855835259,-0.11874770422992675,APA,2024-05-02
-15.991249426358523,-13.680501947981195,-13.646669897204545,-13.29514139287372,-16.364582387920258,-1.3394917027883535,2.1665041143746233,2.699313633282685,2.0784048596973026,1.3069815685221586,ETSY,2024-05-02
-2.3464628584966785,-3.5957416540487563,-5.257542492831435,-5.036317339698693,-13.690694687944916,-0.49844562998607733,-2.0836643516005338,-4.184312204144757,-3.934490336496821,-11.809799069824612,TAP,2024-05-20
-2.4677967200282036,-10.616627324187201,-9.533869583442556,-8.146345328730153,-9.913729249717008,-1.5802432350123796,-7.660927223879954,-9.758871887992726,-5.968744269006254,-7.790407432580048,LULU,2024-05-20
-1.0195384604644198,-2.420865802270833,-1.399293052437156,-3.4416387006764304,-3.397403882119776,-1.111999496522731,-1.2060940758871985,-0.5468395518672953,-3.224738306635988,-2.1292944718265483,CSCO,2024-05-23
-1.0183537297618672,-3.2591835003952907,-1.9088111875311564,1.52814750188206,-1.0615204279829538,-1.2007054857937405,-2.1828450703444524,0.5753002181604128,3.0775439357046075,-0.5605722274634406,BDX,2024-05-23
-2.7190998058056026,-1.1460317151528732,-3.1159376555559115,-1.8294885390599092,4.044407646848169,0.7002629786867498,1.6731486281696184,1.3074068314263831,0.8413384947017377,7.192603345786819,GILD,2024-05-28
0.3787215348399875,2.068263019033101,-2.6258618815468204,2.3500926244641507,-11.741465002727523,3.235684574289188,0.6414950204207681,-0.9859000842836974,-1.935970303620449,-11.958194026510004,UNIT,2024-05-29
-9.48580878278489,-8.856827014150948,-10.924759253302385,-15.095462587313435,-14.480372931308583,-1.6080065023037715,-3.4737936632697086,-2.663436169304001,-6.05639976057053,-7.201047833379015,PAYC,2024-05-31
-6.3337725030184755,-15.639580634760309,-20.093122297849263,-30.043610059725513,-27.89826835855904,-4.035037794091645,-9.058678800039798,-14.514929533484844,-27.10812693784711,-19.787602918305566,HTZ,2024-05-31
-4.047544628344147,-6.645930291395274,-3.56020744595521,-8.622363110080155,-1.5903525817224873,-0.8889203110615362,-0.8692114391972261,1.977725206572023,-3.295160057802593,3.046227348436803,SLB,2024-06-03
-2.0999955900185996,-3.382222136707169,-5.854808684725709,-2.182884983520217,-4.6521736836333645,0.011986082077952709,-1.5669287243258334,-0.10848241312617635,0.8289692089832768,-0.8320726540533396,CMCSA,2024-06-12
-4.125009753683406,-11.399118108026606,-17.475103215183466,-15.474631692105888,-16.573037400070646,-3.4128426579585147,-8.172284336242653,-12.318874698535364,-11.462262426883196,-14.6916613904441,ALB,2024-06-13
-2.0873597396759425,-2.4209902354454194,-1.898245133194254,-1.6346867080879735,-1.39567178228448,1.5468414777331407,-1.620590630743246,1.8320276716123685,3.6875595288127228,3.507324854636251,GPN,2024-06-13
-3.094819226682599,-5.725103565525358,-3.9195862723506614,1.4940773892162973,3.9561155378912805,0.6650617773092726,0.3235213072474874,4.173472130218925,4.62453098569533,13.762761795630983,GXO,2024-06-14
-1.9215155500554415,-0.5915629777998532,3.4716094079216164,-0.24149688103209943,-7.981115691820062,1.9375093096104745,2.5581866117943663,3.5532267564814424,-1.4675268784517193,-5.029088103525647,LVS,2024-06-14
-1.084639940170351,-1.9155726134619133,1.5193557428479165,-3.955260778431857,6.807485382345546,-1.6897358284766462,2.9894434616204557,1.7685603463421296,-1.1001398231777482,8.879669406720225,ETSY,2024-06-17
-1.7531698078731783,1.284360543844243,6.864485422732525,2.149733011569599,5.242879749482365,0.7500089639915108,3.536476153416579,9.279193350848802,2.5997337636662454,11.707137691197733,MOS,2024-06-17
-0.9372594315935068,0.6834477599327649,0.4111945693738628,1.8045691437113653,6.214674419991284,0.3638210698024835,2.4756101381563145,2.437337171938747,3.54155022740017,8.865310568016904,AKAM,2024-06-25
-2.0031984203846775,1.4021651609126273,0.8455393264755973,-5.806252823278379,-0.9709611204302027,1.5436723814914899,3.704451635337347,1.325896877740984,1.1596694069520241,0.5088897759657707,DLTR,2024-06-26
-1.577449288596755,-5.212450550310222,-5.890662619723408,2.4582336745412103,15.806224704017836,-0.7303612125980852,-5.548755134521288,-6.676925551786838,3.558159609264888,18.84823277763006,SITE,2024-06-27
-19.587383867460815,-19.7527515168469,-21.430815862726693,-24.543987203705253,-22.61097107465604,1.5557894323471988,-1.6747545523316476,-5.277335490099821,-8.730396924444317,-2.6820185400191043,NKE,2024-06-28
-1.4104161146974437,-0.77602372676977,0.9598739907258791,6.852526621692024,19.03721504091662,-0.7779501440097536,2.0276834281590217,1.6312200522339726,6.450735961437126,22.745158291991384,BMY,2024-07-03
-3.911448019010555,-5.37042516307471,-0.4656326187461035,4.139913282652374,4.244640255870625,-1.0725700656040504,-1.3867068452129705,1.8157220047755551,6.032358617135525,6.380918096449861,HUN,2024-07-05
-2.735199452890491,-3.292114512772848,-0.8295935350848271,4.523178577818809,7.786081981511527,-0.07455907968232367,-1.2452201587207612,2.9569951289967866,6.982746775333625,9.393526702706689,SON,2024-07-05
-1.4939619349523037,-4.578646700877131,-3.3393150792228488,-4.985218084775923,-16.922901090172402,-1.4012859726741267,-1.7482588617259487,-4.523576710912969,-2.8487452885217923,-13.705763741322428,LULU,2024-07-08
-1.2414570844797357,1.018487210015162,4.9569503731852205,0.6554674747166311,-0.19057186440587515,-0.10348808003570742,2.9466937213040945,8.242185421050685,2.689028157490203,0.5581709379370974,HAL,2024-07-09
-1.9689447634677837,-1.1416899940326353,-4.131213545070089,-0.9726721889163459,25.334174711830173,-1.0626551501029757,1.4053538360990547,5.397528499279258,0.2764641600700557,24.012858386407967,MOH,2024-07-09
-1.901791046541923,-0.48209674677566206,-0.8861159793218221,2.57421590419582,11.365604308189269,0.12153142119457616,2.7274691304915777,2.5693989172983267,6.202320301097519,12.425982129767355,BDX,2024-07-09
-2.908718474968841,-1.5658858548645682,-4.716331067143342,-3.71128999312591,-4.344353376905385,-1.4170304857836102,-2.8648908483284607,-2.3933843843847558,-0.4409338739266633,-4.335041719560184,EL,2024-07-10
-11.897132687377798,-9.539274847228963,-9.630279733595648,-6.477842072018003,-10.942543805539984,3.8629735111416985,3.52046199441417,4.119142476615922,4.122865934236342,2.2820298438710918,UPS,2024-07-23
-0.4958132461998055,-0.3068905762049656,1.2145337137062118,-2.6706929590042723,-9.294907437888888,0.3103408657028628,1.590931405285767,0.8696686417678956,-3.067459940131556,-7.394290879520349,WYNN,2024-07-24
-30.818816295913166,-27.345715440525066,-29.25710345941872,-25.594101271967375,-22.973036652415125,0.19583015131827697,2.712028154775914,-0.3670453623363601,4.2515393718048795,12.514075494476295,EW,2024-07-25
-1.6088582738723267,1.5066059267106136,3.3522510433918185,1.3819996337397056,-2.5013026736248056,1.993401013760765,5.668586882385373,7.594436327068754,4.285512187175078,-0.6276874759509443,LVS,2024-08-01
-5.028821276928475,-10.810288616615683,-8.102357852763452,-15.24138157640179,-20.84302102876395,-6.465149633936594,-2.498699603732224,-0.7853564156960591,-6.607813151529552,-13.106177257491726,CAR,2024-08-01
-4.081639362692657,-28.51111926908875,-31.99507142222614,-33.50562509954884,-37.16201732550471,-0.23478298588384128,-5.775590740032088,-3.7403047640062743,-6.951773826512819,-10.492745463150754,INTC,2024-08-01
-4.771184898298818,-10.798354748581529,-9.89508059834272,-16.911130728750745,-4.456409991350974,6.922312405355157,1.127961339862138,1.6643130179700094,-5.175799643867407,6.615085573132641,ALB,2024-08-02
-5.910342426577175,-6.1332990671746455,-5.412159411225114,0.5935575160395556,1.1043074490519444,3.3860960835310316,4.2443330661735,2.2931680783506936,10.94627656314584,11.190066159389469,LPLA,2024-08-02
-1.0617116211531497,5.377922027741356,4.6336166280603,5.621591310064766,0.17107248337893122,2.4357200396577072,6.895015984576269,5.7754516090808385,8.830446102921009,-0.7506541792037469,MGM,2024-08-05
-0.5853666591978279,-2.819244568353763,-0.961271106810202,-1.7091391121569544,-6.125717075137582,-2.1965243438329174,1.0404008157653744,3.2288274186944133,-1.388758684917768,-9.328843720887148,APA,2024-08-05
1.4933367633164107,0.9192484927682765,-4.148790499490085,-6.396608399280012,-4.732542826884645,-0.7308249448642945,-4.81585025340554,-5.024972200274824,-7.631348024386098,-8.087195978092288,NTR,2024-08-05
0.8608348465166005,0.9717809339228056,1.8294731917426255,0.12413066620580171,2.0686195688041087,-0.4733164025511938,1.2365004604186103,-1.2322475904467334,-1.416651158761817,-1.4585971496232197,ROK,2024-08-05
-0.6948134808831052,-1.9589644329260802,-4.952038229694978,-4.462660106343453,-3.648467559687618,-0.36531858143329377,-2.7797022741301136,-4.575065152807345,-3.3185313667620786,-4.222186843086306,OLN,2024-08-05
-0.22862418772028326,-0.17663028657520785,-1.2221556286880042,-2.77588646699396,-1.4297213670837916,0.5823748418772645,-1.6998659074329625,-0.17543454564041827,-3.047546369435561,-3.472562133848922,MOS,2024-08-05
-1.202504993758835,-0.6282942521283585,-2.5672641777160887,1.983212160919967,2.539537708484607,-0.005747872699912726,-0.15143143106641777,-2.8254478370264735,3.524887115966525,5.159062391016911,CSCO,2024-08-05
1.7778228784685823,3.7688881731588686,2.6681827577171635,1.8575811442297807,2.584758651045439,0.2543001417445456,0.9734643889161454,2.911266700112569,-0.5326490848028387,-0.8977175758718703,COP,2024-08-05
-3.5729877842558766,-4.7650254444822515,-7.147007865181365,-9.190206282386814,-7.951229909768842,-1.8882080686924319,-1.6925368407515684,-5.078411885560985,-7.912990486824012,-4.0364537967352065,ETSY,2024-08-06
-0.42223884549253965,-0.33705501851153397,-1.5552379620985324,-2.722156432909939,-6.618396438246532,0.513569562594518,-2.8777882559977708,-2.2374624015971456,-2.488178477253621,-7.233818518421497,BA,2024-08-07
-0.9378495391057173,-0.3780037510330514,-3.4421001765094106,-3.190831502371627,-14.464707821199353,-0.7376613598914838,-3.233573234006326,-2.8930254720022974,-16.516003475836925,-15.735817359887161,BEN,2024-08-07
0.04686714134880532,-1.9248563035775712,-3.0667374174885964,-3.098134830130772,1.4862993298621507,-2.0679149342038183,-2.6999717433836112,-3.4775374220615385,-2.434596946084765,-0.03276790889057413,PPG,2024-08-07
-16.56041004970229,-13.106115867714873,-12.104587188247162,-4.082871583927261,-2.142804355257355,7.025936559668855,2.6119780137570325,4.608775541172894,18.83717136459322,16.182535727880484,LYFT,2024-08-07
-0.5758545511317159,-1.7304089378040954,-2.956710321773426,-5.5483022278641325,-9.685112676784103,-0.6598070943633516,-0.6763846825126985,-2.9761808348181873,-5.251572017281968,-9.434498507506595,SLB,2024-08-07
-13.235940725922068,-11.999566392172866,-13.327477653436748,-15.05623633127837,-10.538837836998937,1.2591862747963312,0.5252586791537617,-0.47141210711749704,-2.1911038531062133,5.589021057031407,MNST,2024-08-08
-2.481791232014119,-3.865001392843126,-3.0434802035776087,2.807596084366737,-5.267007550423697,-2.5828106679575358,-2.458843982158432,1.940516640042933,4.103683359515299,-3.3979520407357744,COTY,2024-08-09
-2.7750637207924256,-3.8826734721299494,-3.057666925241165,-0.7133446563188484,-1.5964017934414265,-0.83013315987579,0.5305465520679453,-0.5243756077035089,2.2118844956867667,2.0189550760625785,GXO,2024-08-12
-1.2624433278890956,-4.838369283424493,-0.07583112641105227,-3.4157237782782124,-31.586780189234098,-2.873171637995542,0.12255855389482484,2.4431876833797217,-2.0088800246211624,-33.04920731784418,DLTR,2024-08-12
-32.15529157749434,-31.226041933769885,-33.51293611631875,-32.94997579653948,-32.61855406644174,-2.6489091915922525,-2.6083011725128835,1.065592232936008,-0.24081162837259473,0.7960165813173159,DG,2024-08-29
-5.9545986721359245,-7.424651662014638,-12.090515948637748,-6.905507778153086,-1.4137099541241538,1.064526369457397,-4.126419024743566,-3.558724727501905,11.738429509321668,7.171055607074695,HTZ,2024-08-30
-1.930507504303336,-3.4655996845534447,-4.159504976280726,-7.947697856975456,-8.126871568988946,-1.4006552349945856,-2.2583956198157784,-4.721783141524349,-3.997337290492531,-3.2115081627772657,HAL,2024-09-03
-1.1852142085094108,-3.9601733926632683,-6.249592771450807,-7.621673477082047,-6.785750985750417,-2.136443684263134,-4.389432955002359,-8.214776373018584,-7.493280058931551,-6.08105145507416,OXY,2024-09-04
-0.7063560106296718,-2.855515933074071,-6.386517005082226,-3.9301103192343034,-7.449242454430404,-0.7165199446357406,-4.649848044012528,-5.744061254019884,-2.031041855639115,-4.726222854450879,NOV,2024-09-05
1.1027789068144722,0.15636071844531418,-1.0084912795681689,2.8453033690295504,5.1337927626619715,-1.599845230219299,-5.306746822426989,-2.6012068466537475,-2.157660212010537,0.9720930651095028,NUE,2024-09-06
-2.4836570509042977,-5.438765123611111,-5.054978103957741,-4.818292746459418,6.271775949080084,-1.4734874806914378,-2.809425118168851,1.1670448437896885,3.918168068219652,5.849620593095106,EL,2024-09-10
-1.771619011268999,-3.2574094025507927,-0.9120833981315357,-1.3487072784236886,-0.006568464584022493,-0.6921419139036322,-1.1913512960660455,0.9159681085288751,-2.400433231453536,1.781899901601447,DVN,2024-09-11
-2.5314653508284435,2.6032839401321395,-4.508997949830496,-10.928742836711914,-21.805325770607908,1.3937202994535047,2.662850400906158,-4.987674708569811,-5.474282520869755,-17.87300936377605,MRNA,2024-09-13
-2.3809308962873588,0.25357710826783286,-1.241164468747713,-6.41634394749847,-6.3384744469896726,0.8746659844531379,0.7440716651847978,-1.0641016522189295,-4.075472770890709,-5.67877589789988,BIIB,2024-09-25
-2.083539499287834,0.29757364080378323,-0.551357533006358,-1.0718296431557195,0.5081809881935184,0.01928786776792535,-1.8868430836409211,-0.47507142612451814,-4.21422270206625,0.6321308921737989,BA,2024-09-25
-3.631112912345147,-1.0782059561463941,4.586085395501815,3.7104984555115905,-2.548504012726449,2.181474531795735,7.210294004446505,10.32190828024222,8.324225746069345,0.48274535820964637,COP,2024-09-26
-6.175879319092347,-1.1003091219638161,5.050307306108747,5.917680599569675,-0.7178759742537899,4.66143892868871,9.974088511253921,13.820720681745158,13.77473381911225,4.957287080393513,APA,2024-09-26
-10.877215065017742,-22.63081596554809,-24.36059855597419,-17.354791713003703,-18.801841342004955,12.121066947231274,8.456919163259746,9.865999425753834,15.25615292197986,14.983528633523392,HUM,2024-10-01
-1.2446545506909268,-1.0675173109589875,-3.5388934380815473,-1.0316219363271095,-9.386774012915499,0.9234562822396652,-2.909418284182441,-5.706501886234938,-4.680416970625679,-0.9351823010358418,ETSY,2024-10-03
-1.444417623398131,-0.9391203369067513,-0.41634892165329784,0.0669346045782282,5.639344808683933,1.0279407020350906,0.6415741017170795,1.6881770878567792,0.7362729306840565,6.472905097367665,ZBH,2024-10-08
-4.1273338951474,-0.7844909507832787,-3.155613267302182,-2.4646993097912073,-9.92690409566368,1.9447368415848931,3.1749318593877307,1.9890092267928372,2.430552996644708,-6.677661595346073,DG,2024-10-14
-10.019090016640273,-14.384760998546088,-17.111994098639784,-15.76039280310626,-22.209518226492428,-2.995628325756461,-6.927200277801893,-9.39106343034809,-5.831037922147431,-11.85528533631679,COTY,2024-10-15
-9.099492140062605,-12.205308879161112,-12.93947453724681,-10.45810965622207,-18.80529981344835,-2.1584997787516436,-3.4608346956813474,-1.873312271708616,0.9605027137071676,-8.952563425947734,CNC,2024-10-17
-3.440823636630519,-5.682505053467923,-5.161928482594935,-6.330362396796152,-10.285438164643633,-1.2252622612151765,-1.829810334343529,0.26282033643612035,-0.9982655674847574,-6.625173438921594,ELV,2024-10-18
-0.3990784700551364,-0.6690069380396735,-0.10163231280907459,1.7865477909507987,2.5847163678574203,0.9137472564623828,3.613331185483881,0.7238379479150292,1.8547826720428207,3.4499852322441127,NOV,2024-10-22
-0.868042243677325,13.658665295359796,10.458825527774385,17.741280274185243,1.1759886038438694,-2.955937450355728,14.531064550821714,13.220590307961512,17.67629349796167,-2.444555166983442,MOH,2024-10-22
-1.488499520709885,1.5608617043405104,2.757800325613491,4.94456977991078,11.825374258484022,0.774222916377898,2.279778734087723,4.391065413465323,6.942123835900183,12.175605408312885,HAL,2024-10-29
-1.5424381927465536,5.10017739665739,4.390855445779285,-6.058047796537414,3.91751799753175,3.5955194911935995,6.805771610843648,-3.7727606017247894,-0.5249049363516445,9.17661463831767,DLTR,2024-10-30
-1.5411899338137025,-0.27153665000619887,2.0611841695619804,-7.601607670674104,-12.314061701304112,-0.21991757724444394,1.23686213308698,3.182628321005576,-8.191192957581162,-12.055602136231723,CDW,2024-10-31
-18.934711799543802,-21.99355614418711,-29.291258112320595,-30.833513130839464,-18.379599475360788,-2.5390647159745705,-4.592930918776672,-7.256845691071612,-9.035222691649968,0.5684400071902962,EL,2024-10-31
-1.499688345599015,-0.8386780563977014,-2.54772725912793,-3.227888067772944,-5.025406412252176,1.5583695453661117,-0.4957761778350278,-3.471657787663718,-2.415633921878646,-4.644807639940907,OXY,2024-11-01
-2.522558151184462,-3.6525624601923323,-6.210087513735296,-7.093070406334334,-9.368376020001822,0.2647345145489588,-0.7242097353955756,-4.082185504479696,-4.324065549469191,-8.39728639938243,LYB,2024-11-04
-27.524979124968073,-31.88007911425299,-41.428824625458184,-44.10931163814265,-47.27999016654818,-3.0887182959698944,-12.543552421129945,-22.094090124424724,-24.723854898082763,-29.131902384767017,CE,2024-11-05
-5.678642681032475,-4.894404269042774,-3.0219841444379947,-0.9709396455484409,-4.883535402445971,0.6528697705123765,1.389498455435767,3.6160002553423443,4.330515124025736,1.4876617398168257,STZ,2024-11-06
-5.263825997708416,-15.848714354848493,-21.93016167567996,-32.38264954301988,-27.248742968360382,-11.93929415563112,-25.77613051901315,-26.588237635022306,-34.643610896690646,-26.777058609802253,MRNA,2024-11-06
-10.932739103919332,-16.04100733685012,-16.784462174922197,-13.705784531907684,-18.779170657649903,-4.374913225732058,-3.2129477541879448,-4.854091911045444,-6.123323219753285,-8.786843126208964,AES,2024-11-06
-0.6789759180262367,-4.022624351066195,-5.461997255673568,-8.301416840910225,-10.666534657021842,-1.48674267592801,-2.8721354041770453,-6.0594592776327065,-7.176708675415954,-9.451578754117518,BIIB,2024-11-11
-4.198513811076043,-8.45093856743906,-11.657194730065834,-7.402448494117409,-15.595484826876216,-2.082385680347032,-3.9550335076476317,-3.5941931020718187,2.208518883570909,-10.251937495195584,MCHP,2024-11-11
-2.3476562187658034,-2.727312986442676,-2.658528959839845,-0.6590922811842148,-8.061919619113677,0.15185846201166697,-0.04738407452321569,-1.678265856345218,-1.4300284020306253,-7.86908065499935,DOW,2024-11-12
-1.564242511918068,-0.3580657781918406,0.7732351253572189,-3.3516232819184144,-7.876423730117366,0.05905093793492355,2.782950384071725,1.6798014319328258,-3.875477295089569,-7.7971343033257146,BUD,2024-11-12
-2.233668811145695,-6.360157309003145,-1.6450267900723237,2.9846763185238046,9.489062862802712,-3.902138988094095,-1.8344392221482764,1.1194466501442513,2.9299220992982544,12.230031201662683,BA,2024-11-12
-2.190622983589674,-2.5982126992388666,-0.8292798607093754,-0.04472259071565121,-2.1254560979813597,0.8232079577316531,2.124382279362935,0.3364674990286032,-0.9872255732831237,-2.2819706039211907,HUN,2024-11-12
-2.2071236503885205,2.708984480770682,1.1202508791220533,1.8093230060802545,-6.196519845650372,1.9422785217920513,2.939222056401891,3.85160139213534,5.16734439840838,-5.844354958321096,BAX,2024-11-14
-2.0697902686858227,-3.749004549652202,-6.461220541747858,-6.42383800047478,-9.072948575280705,-2.0368025372712206,-4.363479032366535,-4.9441977212933645,-5.710077164638494,-8.406842223017941,REGN,2024-11-14
-0.8033244683290586,-1.3363232627173205,1.4710795056048331,1.78416709576954,1.8704147693146655,-0.4097303786948725,0.100418027814686,1.0470973461602417,1.1417694369290743,0.8621945910718409,MRK,2024-11-15
-0.7638086025393842,-3.2922061079252662,-2.2558703649966483,0.29149903020411205,-0.8802093914687559,-0.8742521056045782,-1.884132915466319,0.23988833975912005,-0.5024033022240859,-3.1181843520661445,KHC,2024-11-15
-3.7748221509575464,-5.2068860705460684,-2.685245238310141,-2.5853245418402504,-3.7421877575598117,-0.603038131109801,0.7407114376125623,3.7723380827038744,2.3703907323197493,-0.6245356489577691,IQV,2024-11-15
-2.673129929726492,-4.590433089621615,-2.9664399619717785,-2.579911679217106,-5.363393913246761,-1.0872297866642122,-1.231232167935381,-0.0415141852964096,-0.7691014408429453,-4.885214374079306,PEP,2024-11-15
0.23955317720593117,-0.6065240038969577,3.0360594023825183,4.8671221449057445,10.495685519844434,-2.0910768450932093,-0.20473439350545686,4.590184040663936,8.957089737799361,7.697050495066171,AKAM,2024-11-15
-1.417639066540577,-0.9194772152668507,-1.805799940167352,-1.90505407469026,-8.243865752606938,-0.0986955756901775,0.7726113248283095,0.3517755921115251,-0.9370425363527612,-6.449081838469228,MDLZ,2024-11-18
-0.2695038035597008,2.5995306386920713,0.31498242214302863,-0.07873376114868602,-3.523122036807891,1.4198369088703977,3.5632292460140436,1.4258171947558296,-1.8208042756378662,-4.279104544195578,ASH,2024-11-20
-21.443999823990033,-20.168502320664228,-20.04492389882111,-18.95970925646111,-14.931092671023793,-0.9463586872820562,5.722397548680336,5.141866594373035,3.062347323573311,7.576161783123703,TGT,2024-11-20
-1.9854397973198545,-1.676281866530882,-2.8706467650010947,-10.132035028882092,-18.809465542440385,0.4618266357972689,-0.9461145375933122,-5.110937472017218,-9.127416029512226,-17.57243135102531,DVN,2024-11-26
-4.0764888891321345,-2.3512354326396645,-2.667661532158372,-6.280079562199081,-3.5752638327147817,0.5810025210578385,1.6427752092018855,-0.5305584505125749,-4.653730985875737,1.1783783180035368,NOV,2024-12-06
-2.1126227235041206,2.5593399732617317,5.420701284336227,-2.838047274868149,9.865698586553872,2.1595465150054505,2.296023239178613,5.023519896032857,-1.4694208569170475,10.91549824257262,APA,2024-12-06
-1.1884760971838215,0.7494911985143182,3.0878617840152556,4.5828318065618046,5.832056650375749,2.332063313909427,0.9752539955192097,3.57361527875083,6.362869683187111,8.8196787914245,BDX,2024-12-06
-1.6881887585553867,-0.24584692161062627,-2.233787228047557,-4.3317073325236155,-4.502822249510775,2.210678516453224,-1.44763414728859,-1.6083537908682555,-3.111760349867021,-3.151098244698558,ARE,2024-12-06
-2.9479642894235325,-0.15769403515011327,-3.3286071107904713,-3.3543029979553385,-1.8596868201660732,3.634663422637785,0.544929937493599,-0.0019567265158393354,-2.207300994398098,2.0633746246975893,ELV,2024-12-06
-2.2430577698591136,-1.5035303262881605,0.4703472945812637,6.426153931536294,9.71181867323957,3.1289951440715003,-0.11787230438858876,4.837889899151692,6.939953082953831,12.67173156068947,CNC,2024-12-06
-2.080795593813134,-0.1484210400582775,-3.5429554089179693,-3.4699196047213277,-4.716018613646499,0.4952237684130667,-1.4866174965967205,-2.9704894069149668,-1.8220025906042103,-6.333586197948483,AMD,2024-12-10
-7.084230787159807,-9.660048452958247,-16.585034670649822,-20.15319000321193,-22.466426418816788,-3.7740713012296534,-5.34579778009141,-10.038637243155557,-15.066511242910908,-17.782745809335445,OLN,2024-12-10
-6.919936043086683,-10.71440645298728,-20.392243176174333,-19.85114470312169,-9.569559132164695,-3.2128775660050013,-9.404255576537912,-8.591022344784006,-12.102398664875182,4.008357254325546,CVS,2024-12-11
-0.7372872273295861,-2.45353926575016,-2.7174879486856702,-4.512114179274607,5.9658093697750765,-0.009843102816275984,-2.7543988525422947,-2.7924475482635436,-2.8762765802960444,7.129528474103742,COP,2024-12-12
-3.2496390324845303,-6.9535953406564825,-0.4653239356892769,-3.5599556692194945,0.03116272228623762,-0.1607660379536413,-5.935953147432983,0.33570010936734285,-0.08534978669884064,4.281359071625401,CI,2024-12-12
-4.562730759780642,-10.204628202446564,-11.30676715166048,-13.627924150596328,-6.846646970618398,-4.193971322917301,-7.472739774613057,-8.439526242461737,-9.098142138882059,-3.1070428215040136,NUE,2024-12-12
-5.666581057599052,-5.881926178299147,-8.231355386131877,-6.424714100900188,-1.46976747706008,0.5676413908557998,-1.173025298054342,-2.8061464660723345,1.6007040205761491,5.6099982989743395,PSX,2024-12-16
-2.6100452998694457,-0.43300597024382714,0.7616769253017797,4.040012234803358,12.182859748182851,1.2130442617412363,1.612847812364071,5.2364503824014585,10.059182329962846,15.39656899923888,OXY,2024-12-16
-5.490191949954615,-4.246011115738169,-6.5354640290863015,-4.523748136972472,5.951476320062188,1.009802805593052,-0.6144541731201718,-0.6613482928232273,4.78657501768579,12.761276614172512,MPC,2024-12-16
-1.9701535660928915,-4.037572966141756,-4.905480424116814,-0.7736139991196822,5.20268337692068,-1.2280179031145306,-3.64618643956639,-3.0220287792015688,1.463497748839171,12.607186576332795,SLB,2024-12-17
-2.0278989846417184,-4.125203897675422,-4.112581464261045,0.6480575338749905,7.191915257755765,-0.38255095967698605,-2.1828896990109814,-0.6530887239616923,5.402122438409052,11.272768469807358,HAL,2024-12-17
-9.789185213224261,-6.065778642597119,-0.14793846260499066,0.8366278836048235,8.428006233440167,4.106078800041136,6.027690712669365,7.89243506660754,9.820688428270197,20.35646120004131,HUM,2024-12-17
0.053816751796709195,0.6394924027371185,-0.021214907258693128,-0.8268273537427651,7.6099084966870345,1.0686366834089522,0.5914807942556166,0.3630338580465686,0.28491932815737364,8.507697996063367,CDW,2024-12-18
-1.527856279349049,-1.9799297686126982,-3.6652241763940108,-3.3580059844886767,-1.6814412896573927,0.030736520553631408,-0.7758523480740465,-1.628218302063833,-4.0211995608607225,0.9362714816434581,COTY,2024-12-18
-0.9387172859743886,-8.783121790877956,-9.829440198264072,-5.337965502097608,-5.612197038806577,-6.688290139137177,-10.305522850983419,-9.545699395458696,-5.539021712061565,-4.471859612600804,GXO,2024-12-18
-2.0293299440712675,-1.1528587269728052,-3.631202363054653,-1.6569463564874765,5.375965948635986,-3.0474336391978163,-1.0468280299551047,-3.420214148215406,-1.8375009086431082,8.54022508701473,FMC,2024-12-18
-1.4584433980651679,-1.575766125077227,-1.6212475598029075,-1.908455760792771,-6.347104228023581,-1.9047469895497215,-1.2186628651644105,-0.5972164365855903,-1.3362336214583492,-5.405998704410564,MGM,2024-12-18
-1.5794092098509123,-3.540015572464528,-4.439138530028375,-1.240533716125369,7.459961694825967,-2.0602853804075116,-2.226860097528627,-4.184940148826765,1.8091062820349224,7.945530345696716,MOS,2024-12-18
-2.4157736028387222,-2.832008447314116,-3.515527646342187,-4.020813201746309,0.7105355458182361,-0.47478792397690484,-1.3627206406332748,-0.25854089148218407,-0.7021550260110754,1.81380351598468,LYB,2024-12-19
-0.8575240971170128,-0.5454288626438375,-0.9085403390910685,-3.7405742409389653,-4.328248399304135,2.0666410428597626,0.506860368409634,1.2464846100796123,-2.3467522165226185,-2.825623843798719,ADBE,2024-12-19
-1.527886444368709,-1.339462803360103,-1.5423665532455777,-0.49645420276471786,0.5028718257328757,0.038561453956131864,0.5895766965439808,1.3167037543284632,-0.20536297220914435,1.8393211534801335,CSX,2024-12-19
-2.277460959569988,-4.314059897348743,-4.606073685593204,0.7630636821133185,11.406508183116461,-1.6293255123260852,-3.157017533061912,-1.45888915732586,0.6138533293644777,9.598640274427783,VLO,2024-12-19
-1.9282944878135644,-2.7776335406432207,-4.027034147159547,4.235112273453745,12.387052725947246,0.25542684582327,-1.6642594961673751,-1.0198650390968123,9.68352593984978,17.34826029151806,NTR,2024-12-19
-1.1567678853221408,-3.1998547726674653,-3.005663002504333,-3.5802302400166464,-24.29038274348181,-1.2665197974940368,-1.4004134525490541,-0.6562957726748864,-1.9915876253080778,-21.1256651501738,STZ,2024-12-23
-0.22442458279441357,2.648706602397255,-4.04646979872142,-3.956154792982647,-3.1384859642818674,0.3506480891995345,0.2183032760443071,-4.067827510929134,-3.0966608094871835,-2.554453462239703,HUN,2024-12-27
-0.8108999258569893,1.9483231893072772,1.5165252805449558,7.017622452805005,11.117437710261058,1.3683024794586052,1.5480688321640734,2.389578679504689,3.866264044312273,11.792413472729457,BAX,2024-12-30
-0.030177298839595412,0.8693083859831252,-2.500740926919176,-5.548391641400341,-3.5252050063402818,0.8252788055422622,-2.620464669155931,-1.313685057353997,-7.556913485500682,-2.8996091769570076,BUD,2024-12-30
-3.128062394563469,-5.250175356707909,-3.72957480369287,-0.823077952122131,-6.092905081027644,-2.0576431602977396,-0.10956707631388785,-1.0436489594702336,2.161672373270207,-5.032297229715999,PPG,2025-01-02
-0.9709085617134017,-5.391079390089537,-4.211967850948206,-4.57881518195461,-3.5865745519544356,-2.118139203573477,-4.365608576172386,-4.801597834038052,-4.008528459321825,-2.70291823077935,PEP,2025-01-02
-4.597327852984345,-3.780988991968537,-4.274078991691965,3.9106261349835414,-1.73427142712419,-1.2676854590544906,-1.944967130859232,3.0919850382716607,9.416362508212051,5.646577899029492,CE,2025-01-03
-2.0776269952178295,-1.0025648999152925,-1.0940775438372685,0.773413925754407,-2.0151574867933064,0.940920110625576,-0.8076118814396738,1.2226437370331356,0.1810552801468468,-0.16182271109337343,SON,2025-01-06
-2.1621415935534904,-3.280145795592526,-4.3756126268965305,-8.342678019962001,-6.295668277547106,-0.22877276026914695,-2.3922140325586816,-2.6933790581195165,-7.282087697320172,-3.5191018263537988,QSR,2025-01-06
-2.405536885285542,-2.6879869933777667,-4.19451411292322,-5.5667671361064315,-7.90040621742607,0.47963591873940725,-2.358016250123607,-1.976112219916426,-4.8478630356274195,-6.010105644780272,KHC,2025-01-06
-3.3157831690746375,-2.2072079750804274,-4.380458636014162,-5.650642372262915,-7.908519426597104,1.9606994799101551,-0.20085843540691428,0.9839472398897486,-4.455761138396874,-2.145499454686617,MDLZ,2025-01-06
-2.187354358520066,-2.3513811754623193,-2.9499164876422235,-1.0861841059347732,-3.2607849027539104,-0.06707266972821868,-2.2357434697724448,0.12220004098869586,-1.9627086541994299,0.014330827321451522,CCI,2025-01-06
0.39298020877220896,-0.4199590300346556,1.3785245104456556,-3.303832993653999,-0.43012921811804716,-0.9546287506714157,1.294660294072958,-2.0633630598608788,-4.881655356130599,-0.7737024162151274,INVH,2025-01-07
-1.389441173589645,1.889711641108971,1.8070293497080225,1.6391057815282162,-4.629212235268443,0.9585578469420653,4.750751829299693,5.187953365551312,3.7090900433713214,-2.2750864423043637,DOW,2025-01-08
-4.393194836769399,-8.499749122109934,-9.816978958562771,-14.553223238103397,-18.12764642735072,-0.7496777581080916,-2.4201542901162165,-2.80374407962235,-8.825947168667724,-14.615243342339244,AES,2025-01-08
-2.8460198306856865,0.37090877795701305,4.8585058447965235,-0.2822923722495041,-0.08957188183413844,1.6548605795840166,6.064332300187192,8.663843531729686,3.815076287678676,4.436461798735625,CMC,2025-01-08
-2.0442860881210945,-3.7016296809189053,-7.171938526169819,-8.203227637443478,-6.978467441769598,-2.010539229034569,-1.3333324631866872,-2.334143780707043,-3.985773111521851,-3.1754718713293273,SJM,2025-01-08
-1.94834037254914,-2.0991746986534054,-3.858949232403952,-6.992229745364876,-9.187984955054752,-1.3553954252973566,1.1097010611445746,0.6645989526183671,-2.8261345304100516,-5.336081621363387,CPB,2025-01-08
-3.584142798202028,-2.248523392573587,-8.25523555976062,-7.417022295449205,-5.108526779802148,1.765537803527173,-1.3041357209951254,-3.0757919257997313,-2.306142899095298,-0.08741206036866345,DG,2025-01-08
-1.6878290531784579,3.5183520778640287,2.572406654774584,4.052868332845749,-3.431905218535969,4.016939775860595,3.895230335897093,6.439199079250768,5.502349856599875,-2.9625512785403596,ZBH,2025-01-08
-1.5708272310470672,-1.3953960226819717,-2.3690381307416186,-3.118356781067022,-4.48103457161565,0.5579075502227582,-3.135663720936921,-1.7218417985370271,1.3817597657700853,-5.605373504436728,GIS,2025-01-10
-0.5059772673032592,-0.12623865597520822,0.20386096633229212,-2.111445794685163,-11.707411356323107,0.31067729559648427,0.19688949416589718,1.0146123338491853,0.2841583516832502,-11.051350721751685,ASH,2025-01-10
-1.68563883834274,0.3370648883944005,3.055653019730542,-3.966889850899402,-0.5499845540447579,0.896071714766622,2.756197104944569,3.314905105835053,4.702640751500109,1.135118114282574,CWT,2025-01-10
-3.477431712833856,-4.585053756759138,-5.866456693083378,-11.013987045142837,-5.129226254021746,6.966468399337589,2.9916129180016737,-1.100169535628881,-0.9408440679892882,-1.0406230774539837,REGN,2025-01-10
-0.5839463598765415,2.125197379489485,-0.7017350818436574,-3.1171877886337906,-9.87734923628758,1.8146731402507443,1.84049904001935,2.7827156901317096,1.1247264672765267,-9.266680405983752,MCHP,2025-01-10
-0.9334161791285656,1.9752482486825818,1.6557354494007637,-0.2587471620472126,-2.3175894086387205,1.4454472876016533,2.3421991702201606,1.3687142688861398,4.676696517977841,-3.304563647427927,OMC,2025-01-10
-1.988203595628335,-1.1336341221804713,-1.5389841754221312,-2.7278363562867947,10.471022279420804,0.6022814404374133,0.3013739681611671,-0.8919433053515169,3.335519581071833,16.446860557082555,YUM,2025-01-10
-1.8393603410865156,-0.22322952292533893,-1.8529051608901947,-3.0463309633664837,-4.128057326885393,0.7851610298300837,-0.3828194598119783,-2.2138127471102775,2.014565223346576,-1.5036274336940103,EXPD,2025-01-10
-12.04735474848222,-7.809495039562309,-6.482515419624358,-14.421663446455192,-27.011836374352104,1.6745796623452547,4.806082780055876,4.707975164405465,-6.2087349478800675,-15.579691258745964,EIX,2025-01-13
-16.959777895747308,-19.82131632528825,-22.328669808830856,-4.672546162734936,-28.764495101137165,-2.1006068575205594,-5.717502113357642,-1.6202944268289832,23.873660441652447,-16.119972110844117,MRNA,2025-01-13
-4.878558823413859,-7.722525879178943,-9.851531837306682,-7.101303471479858,-11.2989868179175,-4.885142572385126,-6.018971720039712,-6.028371661181975,-4.0918899685226435,-11.906602850815483,BIIB,2025-01-14
-3.8919390841994583,-3.5263758668661382,-7.006005449772035,-2.577455556888686,-7.28012460131322,1.6478603002768044,-0.6310411657526327,-3.177491837877,2.777694912567208,-3.237835550309598,CAG,2025-01-15
-6.685784778351655,-4.429223315405384,-5.579685085629227,-8.148422504355313,-24.584486537585047,-1.143905237098064,1.0503008393067725,-5.569296632232246,-5.283228633192838,-19.412459615800515,PVH,2025-01-16
-4.959605077114926,-3.4560156127142023,-4.597354777368623,-11.254677927827228,-10.22137613286269,-1.7361217327430123,2.2490026343410463,-0.5231153241158082,-4.994848809337082,-8.885358446122504,AMD,2025-01-27
-2.8850201562054756,-4.629243941978234,-6.669827323287969,-4.8430904027027655,-1.3540335723974062,-0.49272977396797035,-1.3726889417465693,-4.3146267763879305,-1.1344551324697139,2.2782605658684174,PCG,2025-01-28
-3.122660481818895,-1.0278113965704438,-1.941923217427599,3.9670778348872338,1.101350446220839,1.2820911596572504,0.08531211261859628,1.8429060711483314,4.344026476156304,7.126168779004405,FCX,2025-01-28
-3.7867576823147004,-1.6822972393453095,-1.5043125068003427,-2.255838386857578,-3.4258293504148885,0.6765807178036098,1.7506779682094242,1.4628366906339618,-1.2502715277478704,1.9064542228642956,GD,2025-01-29
-9.279747768167102,-9.68084457993751,-12.793186201809492,-18.77980768483596,-13.842945079872326,-1.3900614326951666,-4.1020369297554815,-6.120448420002578,-10.399791029654926,-5.788402758843724,DHR,2025-01-29
-14.649464577166526,-16.13988313527225,-16.75566031217357,-14.848688386680086,-8.028613512781245,-0.1459892469309998,-2.278319744116164,-1.550556469806319,-0.22736948253605505,6.771629947251334,UPS,2025-01-30
-11.537809157008006,-10.490368767521996,-9.554623886376646,-6.842131927130513,-2.4880922698499397,1.0998863971037776,0.7778319883681717,2.7761997638033886,4.931443275395053,8.995413396788754,CMCSA,2025-01-30
-8.335232909639258,-13.21351469435058,-11.661450680108942,-14.060769948239628,-19.206923601622506,-0.04261087603778524,-4.835265572381931,1.1404755897833296,-2.2753595988680875,-11.598260621530898,OLN,2025-01-31
-1.287072296671199,0.6388835724709718,-3.015386377676943,-0.7713076028923016,-0.8823951945373554,3.563442007587181,-0.599286569277413,1.6252563522110686,3.4824206716498995,-0.9341278190594378,HAL,2025-02-03
-2.1724471614416596,-0.7377755066961589,-1.2533754157857735,-3.8774243327319047,7.262204266553551,-0.7025713332851402,0.8130726042341996,-0.1156146697269822,-0.9406797696663194,9.836623775138708,ARE,2025-02-03
-9.73986920426221,-13.195014865764044,-14.602580371044837,-18.829908235130688,-3.747220796351558,-1.202002310781225,-3.2728115132975355,-4.8459194995859045,-7.152093892532596,6.208464475844277,MRK,2025-02-04
-33.93617347043527,-35.9165538074041,-33.13656482327389,-32.18222389576974,-23.88775565264989,-2.38053451360577,-3.675693995173712,0.8566209501087663,3.8980562390063644,15.819363248507369,FMC,2025-02-05
-1.4409236678703419,-4.084055545169008,-6.136144643722308,-0.7336898851746154,9.353240073684766,0.08793303244742923,-3.1607076104205767,-4.7933890225531295,4.314965039356444,14.309102118939686,STZ,2025-02-06
-7.840067041322518,-7.796571341093861,-7.649881764936317,-4.147755627566974,4.356356086937296,-0.049280473315660434,-1.119608437239683,-0.3480602115798481,3.766783710280164,14.590807900914127,F,2025-02-06
-3.350038158376956,-0.391004240350068,1.4866465649407745,7.687308314570962,15.116700461078125,1.5988501327888205,3.749965385574172,3.8192272078730882,16.33650923478821,17.397203336597258,NKE,2025-02-07
-4.7405484424006055,-6.305737694432112,-7.333389622619458,8.57979714915691,21.493000344704782,-2.272208849476043,-1.233152926954617,3.5352413085284473,5.813314916474022,22.76325233809261,MOH,2025-02-11
-9.381826808685423,-15.873289758943775,-17.641359251670927,-10.653522170652897,-7.863118666197943,-5.638108418663334,-8.341131331005602,-9.702556307442876,-2.6909308590754466,-0.9371819179981422,COTY,2025-02-11
-1.3157549076065478,-1.6487403316426508,-0.7883857095773772,0.9254639585927316,9.519103430829233,-1.2490084939298818,-3.086724492062476,1.577194013473493,5.26587844330143,10.435592822926953,CNC,2025-02-12
-16.13994471559593,-5.0658739252542055,-7.85198386153807,-4.004609525460811,0.14261159060922068,6.952014660709782,9.217379872331355,8.254200563829395,9.524538864964327,16.677583075341175,GXO,2025-02-13
-21.691672360889978,-22.642742710285415,-19.291950175597858,-25.337605926960883,-7.991307251161892,-3.632855959190906,-0.9005148692698195,-0.9211063404921171,4.017613511172525,11.853913723860643,CE,2025-02-19
-5.2150464408312835,-6.211963419235577,-5.688968096581304,-11.932507518367819,-10.042267985147568,-2.078790262931174,0.4483806281406766,-4.980947381487155,-7.371486764938962,-6.0456132523895025,ILMN,2025-02-20
-20.017627426501097,-17.737235464969768,-16.415240121279915,-9.354296219453772,-9.45672576957285,0.134137079440666,3.0567174740493197,4.528788622339331,16.352916548193786,9.741948172135517,AKAM,2025-02-21
-1.4909152894131528,-0.46811982639993754,-0.5335408123607213,0.37152648057333604,3.112172692018911,0.6142964879704449,1.1593574020254627,-0.4117039012198176,-1.8583026652743353,3.25153016171964,MLM,2025-02-21
-0.7690782569464094,0.810303448599925,2.3340140856774165,3.0345007499447907,3.819218186788753,0.7388059240503564,1.461420968483229,1.8915273519309106,4.33067505020105,4.304775360990954,PTC,2025-02-21
0.21627992954992292,1.1103593805810497,-4.593649711240033,-5.33946522913128,0.44281790048211755,-1.1813476327884431,-2.510112039807222,-8.044569360263242,-5.183090015671409,-2.704504857630341,NVT,2025-02-25
-11.564938463538965,-22.088379504262225,-26.543315768931762,-26.940413259677484,-31.824733084762613,-7.378076415316759,-15.938184088567219,-19.48905924263348,-24.585912619802386,-30.320645452239027,CHR,2025-02-25
-2.0830881194243367,-1.2335211689897263,-3.4549485237142297,-2.4245971553593435,0.9651244716230689,1.1237015023492836,-1.6501235427785033,-1.2752658766683966,-0.9320765975728289,1.1980443408904917,SNPS,2025-02-25
-1.6349919874417917,2.26806522312325,-2.4071433574624828,-2.6649571881913303,8.039345352680927,0.3446825752791538,4.706140129812553,-1.5473648963128195,2.3919496609624,10.054984452477811,FANG,2025-02-25
-0.06096529473379464,-1.126211391955878,-0.9502170996411485,2.526485285026059,-2.147485943970473,0.023467984774472317,-0.6320461812732825,0.015135721724079954,3.8568651056211762,-0.9156040284845846,IQV,2025-02-26
-5.447883280155841,-7.909000848995706,-5.896514997450419,-5.5427567433870895,-6.5039663377548305,-1.0646408146011144,-1.4102220295830192,-1.546468784814703,1.0817027939112442,-3.3298165856765043,AMAT,2025-02-27
-7.439238092296885,-1.789421888102627,1.0998979895403105,3.4921842563786503,0.4454841750674561,5.763402251536254,12.735144910450769,14.682593195329584,18.479333637389196,8.85200197036361,ALB,2025-03-03
-3.5049398138238708,5.002025235313424,5.317701694302668,8.876676890452696,1.04568019036535,2.6384653558524707,14.544774363896861,13.14387203157381,16.22264263412535,5.258436886217732,HUN,2025-03-03
-3.0449015998591618,-2.8604028047438113,0.18619377676056814,-9.412308800724277,-7.313808314910808,1.0412076710699991,5.113363565073936,3.8413639646685094,-3.9695612466784325,-3.969129493234092,PVH,2025-03-03
-3.6271802066079823,1.0055616995216843,1.34131097138942,2.2882000562927556,-3.6383893146978536,0.43138682050406496,6.213332868130717,8.17977529688989,7.36083163648501,1.185368561644573,DOW,2025-03-03
-1.7450162934893765,-0.4438889174254057,0.16297373645045576,4.053991871104746,8.672609408426602,1.5539028608696603,3.042661582685302,1.293593352678435,8.965974806597988,9.682553872239785,CDNS,2025-03-03
-6.991969157325351,-8.56329908158242,-5.912348035282633,0.013843978135330559,7.264357284781142,1.2375673442985957,2.9182944762602303,6.450911722248542,10.767266304251743,17.14236370090748,APA,2025-03-03
-4.82392422248501,-8.48657213375077,-5.519892650879388,5.077825692179916,9.449135369327344,0.7224544466825633,-0.806949019206149,5.993103558767543,11.961872598859468,19.218576031227308,COP,2025-03-03
-2.1940855143301574,-0.43038999797806454,-0.9551327192138914,-0.9026273201378938,3.2255523978423684,-1.0953182708135167,4.864173238975111,3.0056034064370296,1.742016686483816,6.2533780220051955,ASH,2025-03-03
-0.7145612682005753,2.749398031547534,9.14052952072092,14.553405756195005,21.17116928704685,1.6188494774533768,10.456165285457152,13.236708930174235,19.35748314968976,22.50651231092927,MOS,2025-03-03
-0.4766902990983257,15.598872149133525,18.0925359146359,17.10124898022497,6.7183520983292055,3.1991398467137944,17.111227702594512,24.76519608221881,19.440885067150372,-0.8818614962905813,MRNA,2025-03-03
-0.7250576032179379,1.206907056570261,5.779759398645712,3.753627283206318,3.9568419260475274,1.8437101605420225,4.783733601510065,10.46062617671688,3.672378587340741,7.990554912524706,OMC,2025-03-03
-1.814003361315497,-3.6619008696472943,-1.7496383765421841,-9.64885981260145,-9.692609143463226,-0.9115161021087559,-0.945571188255645,0.5278234840008111,-7.3769859533725946,-7.798345876434798,TGT,2025-03-04
-2.6035330776226884,0.7243675076073708,-4.070079391340842,1.0597741623493584,2.1647181230307733,1.0671412609149389,-0.6159176084983842,0.7091873313138208,3.027166978134055,4.504088911659688,CMC,2025-03-04
-1.102559836260264,-1.2372815081727606,-0.03631160128239053,-2.1639690304051995,-3.9415868695119367,-1.5255225060478383,0.8068827193348116,-1.3281393824493888,0.17024834806477207,-2.4317101601302515,CSX,2025-03-04
-1.4047755575262721,2.0687079259244068,0.46575257642575973,-0.1926780386316551,-3.5132134617677946,2.21554806765758,3.608409996169948,2.4461346074673984,3.2521151453144714,-4.222890112950594,A,2025-03-04
-0.9914007684315718,5.161663845435715,6.6308867481981615,4.744589144893407,1.7666623757905064,2.756667795077994,5.259438189843413,6.860810686155072,6.104125261181559,1.615648762768318,PPG,2025-03-04
-1.8496356849861506,0.99227887856711,-1.4558566489564546,2.3056767915980436,-3.447171356458001,1.5760068671033522,2.708481929181006,-0.1091001808362968,4.991551415119567,-5.027407079054657,MGM,2025-03-06
-4.446610018688268,-4.425010278334952,1.3433589170908982,4.315840561753815,-2.58659983890629,-0.0543230121356153,3.678852381099562,5.018927938973306,8.53952584258736,-11.685257832069095,WDC,2025-03-06
-1.39766894830321,0.8830304025408076,0.5859975904011332,1.3196658061455535,-1.728350799591949,1.8420634118397894,2.2218533046434286,2.068404248309741,1.8394679380345225,-4.871178428257806,NTAP,2025-03-06
-4.324893449283108,1.1555240533182798,-5.991220164975353,-7.82787179795157,3.7284988012469267,-0.9011820285956929,2.740042438558432,-1.7340101584842338,-3.0621354438796433,9.093495060975542,ETSY,2025-03-06
0.026467238530847315,1.9876549304312818,-3.1736312575779912,-2.5178621673197727,-2.5125970472117176,1.4253556222052266,0.5000768369258668,-3.0302912706038465,-3.154953227418622,-5.416401442658592,TROW,2025-03-06
-1.313125579329133,2.0709416476056175,0.712902229820001,2.8769738804559686,-1.8162902176613756,0.10317099305328092,2.208277431297556,1.469439774249115,1.7569192153539581,-3.374828487151981,CDW,2025-03-06
-12.531520400347784,-11.656281236155753,-14.04426363023379,-8.37183366895573,-17.209945716906816,-0.10885537451884586,0.25252251330178943,2.9855710172149053,6.095767768585558,-4.86957257066496,HPE,2025-03-07
-6.628412834599273,-1.303721886292586,-0.3773502934579338,2.995901825746039,7.084674408710256,4.485242208578044,7.464071585952114,8.689085916929141,9.460993978007748,18.14756797265955,VMC,2025-03-07
-0.6798631751669504,0.4077474411794513,1.0686579513299654,1.2573837558152667,3.4918240637984876,1.2138780905686652,1.5733418961138002,1.3873648179682174,0.9987420586007767,4.176826351267072,MSFT,2025-03-10
-1.1206909101133644,4.2123724488053575,8.288044556340868,10.802246346272337,9.376067018124946,4.8740841907879755,7.47831662967492,11.907871630120216,15.015341391391468,13.485663336694397,PWR,2025-03-10
-10.064081494588095,-20.855139355791763,-18.47889193029628,-17.983785148347167,6.723518136134688,-4.176279446739539,-5.946360545371587,-11.684978346839847,-12.332689543628739,7.116324947025321,CAR,2025-03-11
-16.221205706984986,-17.07608747935391,-15.27128767361451,-16.024869393945032,-20.825501444073968,-3.102850104968702,-3.8115581778576213,-1.097117726252872,-2.7929537333744703,-13.242666737923813,TER,2025-03-11
-1.198081241855009,-2.2301185650857036,-0.6974789929701686,2.990697972788925,8.151052046765617,-2.7699075090345304,-1.7292239849951763,-0.44510765585692447,2.997901790341362,6.598933013701535,EXP,2025-03-11
-3.3257810638935292,-3.1314581898236105,1.0176677014621216,-4.041303728620937,-2.283424772195664,-1.6821064963396082,0.8394904063759645,3.489491966742797,0.18901919119336252,-5.424359291172387,SON,2025-03-12
-2.1863270650867794,-4.690606458613544,-4.446040581161858,-3.908153337090925,9.38249307084834,-1.0422201934536357,-2.0832856870493632,-1.4323346391203362,-0.6095754901157102,10.3617352418521,ROST,2025-03-12
-1.3042854065569376,-2.280744286353109,-3.5958484994853768,-2.005314042352069,3.2970099915064277,-2.1654257010130573,-6.313645213556695,-4.708149800824513,-1.4720204446516005,4.9606300356384025,CMG,2025-03-13
-12.520094547145256,-10.432758540346754,-13.039756623834508,-11.345322415977233,-15.32397684278588,1.881751845318358,1.3189467017588496,0.04484446958747945,1.1692997060961385,-3.239698219576148,ADBE,2025-03-13
0.5529313946566417,2.6226439229329657,5.620992853715245,7.9771844210759335,-7.405716813901618,-0.6471410300997738,2.372517829553966,4.540605318566615,5.219451585387901,-13.64571509179846,NOV,2025-03-13
0.8553740485618633,1.6485504323502376,-0.22090767007754142,-3.92896964660967,-6.270306922538159,-2.0530201685828864,-0.27185948241001956,-2.4260471894195668,-4.487657419339275,-5.3385632484287076,IFF,2025-03-13
-0.1484910986727983,0.9335808565461345,0.8862383130710416,-0.7576907014181788,-2.1712213232224276,-0.5252400416227543,0.8311646066745393,0.2894778981317847,0.16118617191989149,-2.0617952474472956,IDXX,2025-03-13
-6.2528499654161624,-2.776073502388088,-4.957057985467494,-10.174571183884341,-23.42284063961401,2.140047540935619,1.3681832637367108,-0.24701066010144324,-14.771579118850086,-17.193770360315774,MCHP,2025-03-20
-1.1594509494519678,-3.2195411880742153,-5.351121679314774,-6.793837857277163,-11.272219236426363,0.03993420470296272,-5.695330373291951,-3.9521475072669787,-2.3919095347476826,-7.782569888273594,REGN,2025-03-20
-6.482773881256909,-4.156843567276258,-1.5129537888842748,-7.521208695164772,-9.071233441250525,1.324055473852881,2.8719464363491376,4.330554239262796,-0.17904742976724464,-3.8315766796926596,FDX,2025-03-21
-2.6003825581855544,-4.05556853873893,-5.369048285314115,-5.326294702563661,-8.514406819360332,-1.7501463331639044,-1.3857277662111533,-3.4801911498810623,-5.546804534420401,-7.384322700091218,NKE,2025-03-24
-3.172557515086516,-0.18421440969071945,0.39101211025861504,-9.204019993778134,-11.047704042092409,2.911528848175149,3.3834717292571037,2.77566905487866,-10.080087242778468,-10.333795314972182,LYB,2025-03-25
-1.6908579507181387,-2.705487926312755,-9.852740394631754,-12.855061002544755,-10.119471631039556,1.248645524387948,2.2727397155140716,-7.4719705620378996,-10.709880473163292,-7.85624764587215,AVNT,2025-03-28
0.7977052493021497,-0.49897363910222925,-4.4526595204340005,-5.522310360520555,-8.901674632641488,0.2277273058441276,-0.5028733782027173,-1.2993096881277246,-7.035059599195193,-10.069149794042776,UPS,2025-03-28
-0.23756455409802424,-4.533458045538842,-2.7825652029901278,-8.968866920798302,-14.189728687992543,-0.4497167636436705,-3.0929933368926688,-2.733897834985921,-7.843380775659059,-14.272318028028197,TMO,2025-03-28
-2.548645939629701,-3.662804772027106,-4.722006433829929,-14.504344870156526,-17.483934215038957,-2.565889044145375,-3.480227321927887,-6.750549139608875,-10.934728671750237,-21.295625169603106,ARE,2025-03-31
-2.531224400173271,0.5927929870902959,-2.0587521809660494,-2.244701307267183,-2.0546244131630087,2.338438008482835,1.159117026434286,-0.8507800450954885,-0.51356656694308,1.1913893824603727,DHR,2025-04-01
-2.3596583369414614,-3.1983656889165486,-2.7631374042541115,-4.6801809262628336,-8.889488650264045,2.2685786570437516,-0.32144846359797263,-3.154028185912649,-3.985402908110969,-4.897973576941017,MTD,2025-04-01
-3.7974966620139217,-0.4234641559805903,-3.0643432095199046,-9.223527296312339,-11.275758452387986,-1.5832173277831485,2.686533574574179,-2.480320321631856,-7.602265720778401,-7.527784571407814,BIIB,2025-04-01
-8.128010684221953,-7.088402730621368,-8.326098423418271,-9.22847955561191,-5.811288876711429,2.9744521533172414,2.59260290658203,-0.25258728183966683,4.3719598931699855,7.947967332786132,MPC,2025-04-03
-4.484058628067489,-5.928403825727457,-4.896651967017817,-6.141506955731002,-12.599130582056816,2.774599552908252,0.7827738782907101,-0.16702211447320314,0.41592927244535893,-5.613724697765643,EMN,2025-04-03
-9.777762241978115,-5.487284112543957,-10.095907400181824,-8.934040490405692,-7.859392851490365,2.8096953709266344,1.3189791605891834,0.32857296631849664,4.1042545437090405,5.67697911931242,HPQ,2025-04-03
-11.430641830698741,-9.061368583775952,-10.314887095556024,-7.966590257593985,6.3219657062242085,3.0433355831503746,4.4062641165459215,3.831201499586001,12.287229130340437,29.951104666051798,STX,2025-04-03
-10.44422220515383,-12.339714981985917,-15.508065034016248,-16.531048508009107,-13.282555701945263,5.722213501464202,1.9467530258309713,2.8242682439376,4.690867435528934,6.4557113249605225,EL,2025-04-03
-7.349384130866609,-9.844065889007958,-8.858817037207045,-5.501724326498136,-3.18861704657104,-0.5662574276568915,1.2660020272442285,2.9002917259676186,8.006761755217173,15.644233876949777,FCX,2025-04-03
-8.678206744116434,-11.489192953267025,-14.054304946447616,-15.274878419227866,-15.533123849494423,2.122797892848138,-2.02475612429296,-3.246436706450928,-1.5316544533075405,-1.206885033949967,PSX,2025-04-03
-2.688988406320213,-2.5221894556599196,-1.5581305773045506,-2.79202668782491,-2.479482888557749,4.892749520890849,1.7246904870027002,2.4844738114683684,1.5213497890224303,7.860635006883055,BEN,2025-04-03
-3.707517649718506,-5.661747514129747,-7.238421194035805,-6.419290936583698,-4.661938698376011,6.934985440259178,3.6132168384726433,3.7178746349844305,5.162880108267598,8.517847595397466,CAT,2025-04-03
-4.171445863401335,-4.736030704458228,-4.534574764118149,-2.6459062458757625,-4.072947381036285,3.0624401606734737,3.176376011437087,3.271129873590861,3.892454430727499,4.471258307012893,DOV,2025-04-03
-6.453214537231444,-9.612567790091777,-13.331290407889085,-11.825719248185452,-19.356276332172172,0.2606765925840744,-6.623279285604278,-7.368859955858664,-9.346045920246693,-8.454778015191843,AA,2025-04-03
-5.6924762796817685,-6.037894687854028,-4.186152406794596,-2.6943777861949894,-0.7678664781196831,8.011402104359522,3.8355760799847145,7.636461632255798,10.895562720276496,14.629392335638691,WYNN,2025-04-03
-4.586442213012409,-5.156646272814381,-3.9915863836497807,-5.019157745261493,-11.175152818081756,0.7329563734146838,0.2883315020452688,2.3028948289174567,3.6442418266033227,-1.5291352462769359,QCOM,2025-04-03
-3.9685536258897027,-8.111256756008544,-3.127499455850191,-7.364503168916313,-5.05686209239935,1.0374222359936232,-5.70251940728912,0.7044022007369977,-0.968400543112724,4.055048276333161,AMD,2025-04-03
-3.171525419931509,-0.4057301393982762,2.7284717396078184,1.7118385040118982,7.349911656924757,4.675741791778831,8.311696266252488,10.780631148543929,9.477589435881416,14.542611464666354,ETN,2025-04-03
-3.390536927187126,-2.0891571155687743,-4.248536556274674,-5.670885776930955,-3.4057697163933147,3.7043507144885353,1.8368794689403547,1.422387485258081,1.999134748007303,3.6838964026679735,ROK,2025-04-03
-11.166709849108523,-12.179638120580485,-9.294038776412394,-14.8656759135245,-11.151753803657748,-2.5392008837469184,0.2610804291120594,1.408970938262688,-0.7012598203791409,8.652447632018312,MU,2025-04-03
-7.951295006204161,-11.564591985575259,-11.30796289029603,-9.73104944271501,-21.379635213575533,-0.5625772455215898,-2.29530398403287,-2.8003254120797294,7.444217164493505,-9.113778903443848,HAL,2025-04-03
-1.8421633017810404,-2.248830855696072,-4.365289721899545,-1.3984750566487723,2.499702584696517,2.706138836359972,2.7346707109288655,1.9619286653377754,4.158023340038941,9.44540461892107,XYL,2025-04-03
-8.817290433944668,-6.649711146116967,-2.34919420621148,-9.125596424890402,-5.549414683893905,6.414484059816916,7.955262190181622,9.123347165855456,8.178261154842703,14.93952341930229,XPO,2025-04-03
-5.833505199214716,-4.026031330274705,-3.3038963446298415,-4.56062050456214,-1.618666143737646,3.0391129058391138,5.111865549015648,5.299382244335216,5.956449574939748,10.179163004032631,NUE,2025-04-03
-12.13557206959126,-11.629958350488344,-12.414515637860724,-14.957895530793008,-12.11810524466479,6.416743387056322,3.579236308441047,2.766687641262955,3.9376143159482124,9.567387502602621,ZBRA,2025-04-03
-12.911594668785165,-8.493671801783943,-13.134857930713961,-14.376002271691911,-10.40325482280764,7.845514078421811,2.2796096227871256,3.0851008540365044,6.49034897949925,9.265788231164041,BBY,2025-04-03
-5.76015924915062,-11.735354652209086,-8.195585015997109,-10.646618523745856,-11.276451673154941,1.797007487978874,-6.778153142857679,-3.9947569672956647,1.6308829735885877,0.36568170187314397,OLN,2025-04-03
-1.8085813579668093,-7.12332935319683,-10.784892527189394,-11.507648671921023,-4.64036638847779,1.1971424884583026,-4.791793538457689,-7.113204900420122,-4.454151982722099,3.170531861406144,LVS,2025-04-03
-9.538295666748775,-9.515830174582163,-10.444928323680246,-12.941129303035327,-12.953117725080698,1.2698929149172917,3.3561232069121427,1.611132947847782,2.2271540927079947,2.7932015144060083,VLO,2025-04-03
-6.07939840195567,-10.794097991917308,-15.630637236627365,-15.17180294417165,-16.949766844138892,1.4449534796205246,-7.3610571198450945,-11.747883236337897,-4.449149607322478,-9.84517897134969,OXY,2025-04-03
-4.570779867884344,-4.280623766254955,-8.60204403579915,-10.019765104608235,-8.751263504166705,3.800662634378737,-2.574527113371106,-1.4497048238735655,-1.5624719600299763,1.4156453682238501,GXO,2025-04-03
-6.673965509042334,-5.041998873364374,-0.8023060229563339,-4.826738433454214,-1.7067973374483736,0.3831665596109586,3.878505517630681,8.529240457072508,3.9169546550837486,13.612009774031698,LRCX,2025-04-03
-23.8089233575785,-20.646247211305703,-21.40551867149484,-30.212035233776035,-24.736688499785252,8.155175339777042,-6.311400155443925,3.497150095994206,-5.604858391944667,7.584935601135823,VFC,2025-04-03
-14.058576330867245,-10.672606915155782,-8.869153661255735,-5.672626899151366,-1.8552910260858702,1.7958819413341534,4.721355853438979,7.990901941509465,15.498856424979722,21.905945646932956,DELL,2025-04-03
-1.78205199258411,-0.01933696275830954,-4.089271297090125,-3.4383105567741925,-3.6082526740125127,7.01665558530985,2.6537526321514733,3.1027664919277553,3.787964647227393,5.0238751239856105,SITE,2025-04-03
-2.859510004122633,-2.621024180112009,-2.3161833923464603,-10.461385860556637,-10.078715095696655,6.65428763441952,1.2939296738683987,5.058230329104285,-3.482719231395393,-2.200893288769845,COTY,2025-04-03
2.546883477579664,-4.150915788520605,-4.336899037956011,2.4193069894257624,-1.840681279968348,-2.025714418272695,-6.953017231111103,-6.1066451561690105,0.34659603662661187,-2.5434508041930464,PLD,2025-04-04
1.9807455191937158,-2.3463869573266525,-1.755567549021908,3.039428639023134,-1.4576109430991302,0.2359124810439761,-4.116043267881309,-1.3493937366733322,4.966949236643936,-2.1507485114073077,FRT,2025-04-04
-2.028147696761418,-1.7340538320706038,-3.76333521286435,-3.1595393948996016,-6.717424979299591,2.158528392315806,2.0592916110457224,-0.44423920634895087,1.4389485899018561,-2.207856623599458,PRU,2025-04-04
-3.634815688995408,-0.13976307010794642,5.3130342044029,9.19975998933662,17.29354704694974,5.335254325141547,13.209773411274806,13.10109772413728,18.964388237042584,29.679792094571212,BA,2025-04-04
-0.5765217403952976,-1.8747224639560578,-7.882121349656835,-8.408095705174123,-29.43320123246748,0.3246118004791132,-6.34577243391008,-7.1370729195674,-5.691676576416049,-29.973371196560638,BDX,2025-04-04
-0.12274172183534038,-0.5204805136747375,-1.8052382546593249,-2.6189679088300615,-1.4923821768571655,3.030329301985013,4.325418617847788,-0.8566679147551826,2.0144966471045356,2.205802011882387,DIS,2025-04-04
-1.34130056528935,-2.876963790514676,-8.859788267164214,-2.983542681606677,-11.133212364614899,2.7182155354092963,-3.188440845277629,-2.932759464729706,3.2387204564295224,-8.655482984654594,XOM,2025-04-04
-1.5209876337531574,-4.725883778852003,-5.9847285622784625,-5.5302906337531095,-1.4071154027062827,2.5955257301996104,1.4144994107970774,-2.6906298612430213,-1.2991278239341542,3.9470979428947626,IVZ,2025-04-04
-2.8572660221262147,-7.03606775931579,-8.217137393371999,-23.3784875653948,-20.797719006831837,1.1075577194369135,1.8053470048445153,-1.770904308188137,-19.190090552950124,-14.606120685920786,GPN,2025-04-04
-3.1461560088384637,-0.6827664787625984,0.8650337838696509,-0.6313663275111181,4.190108505347223,5.165863662557246,11.906637018884169,4.107332506596272,5.522249943390167,9.627666798917335,ADI,2025-04-04
-1.9361764858172315,-4.959150323260776,-10.486778069254687,-5.07113639432768,-12.286297332832962,1.8093642031000723,-2.2668195822023174,-4.497578386069412,0.934876079888669,-9.442406219106013,EOG,2025-04-04
-5.443859346293978,-11.0217609615887,-14.752728693140462,-8.539243034646027,-17.026542974691615,0.48077765683216533,0.3208719164687466,-2.887586646979523,3.0800538714081283,-9.345122284430474,SLB,2025-04-04
-1.329931792093742,-0.1025011408498866,0.13830181319782753,-0.359699781347278,0.7098161437472994,3.3376946119450857,2.518322782567296,1.23216341073078,0.8724535418235924,3.7735721566642297,EMR,2025-04-04
2.650450891111666,3.5300960702376867,4.053420317023626,2.3955633704972668,3.0343574959866393,4.257905530794193,3.7455924834491015,5.493261111438063,2.8101429639335596,4.278765705530141,GOOG,2025-04-04
4.336119094784907,0.42723327208639095,0.089421714115967,-1.6612575321308887,-3.8568196527966725,-0.6106101105262107,-5.356763933361797,-2.2448465949165497,-3.3076470891099663,-6.575940120510614,EXPD,2025-04-04
1.0829220462479245,-2.9434479660910515,-4.700022333983467,-1.9263276925115869,-3.911028716563303,0.6833563104964302,-3.236394226238515,-2.893304980052047,3.2420471753337177,-2.1774958833896676,MTCH,2025-04-04
-1.94716500196831,-3.584031094592655,-2.3702586361385,-7.680764315367993,-4.5573444521124,2.225694395505484,3.7411542761938357,-7.86544071083104,-5.214054163761849,-2.979023712139405,TXN,2025-04-04
-5.756075295840347,-11.685803588671252,-14.05660248348557,-6.677409518622712,-10.787852302754064,2.210927961549536,2.228554690760088,-4.994490172625721,3.4335011153983963,-2.323159913594818,DVN,2025-04-04
2.457273400374948,3.4997645187647137,3.651553591107115,2.2092119987571657,3.2300491433051137,3.8517301741922694,3.5454929142343605,5.34168416663281,2.6215388560759445,4.484177100261832,GOOGL,2025-04-04
0.15917947832138069,-1.118178403751724,-7.974420192388642,-7.794474705492327,-9.316592800495304,0.3879672151476443,-7.4664434260250045,-7.931061945610907,-5.602765708832713,-9.265327228164733,MRK,2025-04-04
3.9369000229533486,-0.9550124607256123,-1.560939367938452,-2.0889488917354093,-8.531528508458386,-0.21404075520947696,-4.3780911337565565,-4.46294698061378,-3.5811137082355837,-10.609274042088645,MAS,2025-04-04
1.0723881584977608,0.4840654869739165,0.18206023227421708,0.2608154513093708,-8.136951814575099,-0.36188370620393595,-2.6942567534051776,-2.128919199854362,0.6379927551290132,-8.956919178525723,UNP,2025-04-04
-1.2798305464112207,4.061374021218744,8.047351955574754,4.1095443502557005,6.856810564060312,6.878905616019182,15.539746978004843,12.605513053705764,7.8541438572037325,10.824601916591003,KLAC,2025-04-04
-0.17180295206182805,-2.215814671070415,-1.1050062042657238,2.093418601417363,2.096169225392952,-1.7330257044264386,-3.7605475036159186,-3.9986077364040584,-1.2000793319463465,-6.512618355608325,J,2025-04-07
-0.9929024567807865,-1.4781430984441402,-12.03949429388681,-5.800571645107144,-2.2272060777851266,-10.717305326842474,-16.07791331422044,-15.193711999335402,-7.295167842179318,4.053349793933524,CE,2025-04-07
-3.0438253632898316,-10.128739654363429,-7.501829954135886,-4.207985810672222,-23.537007332188164,-3.310792818093322,-6.302379464245655,-6.041222668610335,-2.3577307879111276,-21.793098281345216,GPK,2025-04-07
-2.836838991127222,-5.22134865653523,-6.1232295594318975,-5.652271715556012,-13.097805900894764,-1.5944566132092164,-4.509292112162799,-6.517787304145073,-5.274050126450314,-11.058485092895854,PCAR,2025-04-07
-2.133321927474041,-6.255352816011994,-1.2127783051339325,1.3508908768362415,3.663715513903055,-2.8262890313415774,-3.5886911907847985,-0.6273625279643147,-0.7945757003260168,2.2466465583947937,MLM,2025-04-07
-2.0060099141566368,-1.1648033145880365,0.3964456546932338,1.4095329990663208,4.470332827332891,-3.1782314209578333,-1.9848653516558512,-1.55178498703481,0.7750295216492953,3.895876598907776,AMG,2025-04-07
-3.5673039323278477,-4.9677202621048355,-5.183554874487184,-4.10398028851896,1.2454060579203414,-5.97066687258716,-5.645154246308682,-6.372545495473125,-4.669835105837139,1.5461671151208094,AKAM,2025-04-07
-0.779279588965065,-5.691779460772595,-4.836065150883995,-4.614646591551885,-6.117079144770886,-5.640698669255107,-9.944732014211299,-7.811643132269319,-6.395425933686971,-12.413031944761489,ILMN,2025-04-07
-2.8121557206446823,-5.268370073982953,-1.9835559878398579,5.2500264307766775,2.86551046668011,-1.5772382860157363,-2.410388646615358,-0.9954732865898874,5.275903894325263,3.2120422833066264,SRE,2025-04-07
0.12088064776578644,-1.8020137158346161,-1.7012774818473408,-1.8093461522027954,3.9010403278901613,-2.623750096040278,-3.2762274145019754,-4.211102758792662,-3.770550097446468,0.42128272288315216,PTC,2025-04-07
0.47931644656421524,-2.782100299944168,-3.0833099132891784,1.4439817599414706,0.5692300758990623,-0.7866892251765503,-1.849953160392892,-0.43952581135979685,2.458307751074007,2.2730236629956426,USB,2025-04-08
-0.7915443465154492,-3.7709524580380016,-1.632095115992227,-0.05265229939435123,-4.220020506343315,-5.387124687289613,-2.4116255781635454,-0.05209110318016208,0.3516889369245879,3.158731301320916,ES,2025-04-08
-0.8875969680094853,-0.8415933195060843,-0.0648896696633372,1.285629018438117,1.1970592311772776,-0.19722209197874285,2.454907208838919,1.859725002854674,1.4698259059616747,5.871805948766106,HON,2025-04-08
-5.244800947387185,-6.59217864757724,-10.353368072423297,-11.489751937898816,-18.563239188667936,2.3189139913639245,-0.029876917629900746,-3.1903840524080342,-4.985295562311887,-11.768762244469256,WHR,2025-04-08
-2.591027465384121,-2.956235926083539,-2.599273879266417,1.832756748001385,-5.246407223934103,0.7132104884389534,1.2198474519986116,2.9308332503445786,5.583089100459836,-0.914142459886282,TRNO,2025-04-08
-4.386103193731328,-5.087159682308506,-1.8010752489329818,-0.09704728071637803,2.1975473218348576,1.262774971288927,2.219605535496849,2.8921337788921697,7.215603537814984,7.9154751100447776,F,2025-04-08
-1.9270625845810074,-1.079611356675514,-0.18501909913788417,7.195338346922585,-9.539833353348449,1.3192464374411248,3.7660245691943475,3.9569296472964375,10.128603455141818,-8.075196078565861,FMC,2025-04-08
-1.3506974901515756,-3.572281899728713,-4.403373697453228,-2.859493860125517,-4.2437763013647,2.120129948396565,-1.7150368860226362,-1.754650465883011,0.07111745398340474,0.00448326288491252,PFG,2025-04-08
-1.7679485672353779,-4.818801231431447,-4.787395059432398,-5.085604166554369,-17.562915881741084,-5.188053374190527,-2.534089250764038,-4.429676602512721,-4.5942983510465,-15.861589034969814,CPB,2025-04-08
-0.7731184483789622,-5.750731584842228,-7.7954837504776275,-4.60411227118348,-6.285286308493499,2.135434874118781,-5.567077187659963,-6.452818559283967,0.5817169254908494,-0.4982210196067278,BAX,2025-04-08
-2.5297220740559627,-4.129051628742186,-1.9228411721728067,-0.2727940961968045,9.814559063205696,4.423440098795007,2.3319994156616675,1.812258537338952,2.033899534374295,14.849621129518951,FTI,2025-04-08
-0.4520333983950464,-3.341480381398365,-4.40147042247514,-4.34573226862538,-19.484228156213902,-6.694446891177641,-4.564704694118893,-6.437612074037812,-6.4100500058676735,-18.96509740876892,PEP,2025-04-08
-1.7255608672392286,-5.476921927680179,-5.205795301689342,-4.472432339462262,-16.759603450104642,-6.971261371856041,-3.0955187231642034,-4.050949932521729,-4.636860337344517,-14.936428815745717,GIS,2025-04-08
-0.31601036383936965,-3.3774957023192886,-4.855994846895761,-2.3532295633213796,-7.741978192271849,-2.2557710187348867,-3.791239962733406,-2.4381530200767045,-1.7816549331657994,-7.210301584464363,CMCSA,2025-04-08
0.7443559946491485,-0.4432727968132655,-0.47094321526650607,1.209529210164062,-5.060549950199867,-1.5350576485065002,-0.3990883400515566,-1.4278838053578093,1.0893165275946535,-4.398799625502292,NSC,2025-04-08
0.3140641160514157,-1.337469518644574,-1.6505986731617295,-0.4124674986364596,-1.3197198463396074,-2.924758613585543,-1.3376873483040397,-1.2349893114012236,0.5291211041895663,0.37133971203138216,AME,2025-04-08
-1.377993810512701,-2.9183480180464905,-2.4362213581808234,1.31919845979247,-11.245149020597202,-5.067148377484476,-1.2769838541978107,-1.6901105121172701,1.1785346203557756,-10.743082978567632,KHC,2025-04-08
-5.791934876219074,-2.4208677294198955,-3.1063698887219937,-4.840869706674544,-8.898826242740144,8.645833617190712,1.696745626855134,1.5662768907259945,6.102577100437645,-0.6294586725486226,INTC,2025-04-08
-1.8495219347848701,-2.88596530923404,-1.2339733482851667,5.212481852600592,3.256443969171663,-2.0346941617141567,1.0766791246713305,3.334984644623363,6.464602314350642,6.844517613602097,AMH,2025-04-08
-3.1850337058171974,-5.602481077806331,-3.1216472597484612,-4.414344482469289,-9.152866969003735,-1.3250328320154159,-2.83201066552482,1.7695455404100446,-2.2124265118307784,-5.0018126394475,CVX,2025-04-10
-4.329113283367147,-1.6141894336834994,-2.2407448646508676,-2.0152517493742472,-13.24493261096199,1.3130670919881626,2.7171593927347693,2.063305342437083,2.186662239582504,-11.852157284982212,ZBH,2025-04-15
-22.522343202431905,-27.28526621292292,-31.484285057341868,-37.75406108381403,-65.43315520846147,-3.051525766835883,-6.558627002398154,-11.522130588575841,-18.746600915644816,-47.974305823625265,UNH,2025-04-17
-9.793647930086669,-6.928988192781039,-9.820285588207746,18.42181914437231,19.296101769222048,-7.066067867401038,-9.956195507318222,-12.551439581752245,7.306386484556706,17.279121243597025,CHR,2025-04-21
-1.35252585788328,-2.3009844025050796,-5.8798870357368855,-5.873597393469265,9.212034606103847,-2.098265179057579,-4.471375337111461,-4.5759678134709825,-4.48356144918356,4.281572130663159,AES,2025-04-21
0.5110396440335396,0.4772668571896066,-0.17652019235214755,-1.0151534833358289,-13.635226540848688,-2.0556792550564973,-0.8887291678499443,-2.0833235689886376,-3.0276387107208036,-15.259504583126727,IQV,2025-04-21
-7.714915407916101,-8.22112423223087,-8.59081412200976,-12.180945997018156,-7.297640397549965,-1.279559266856345,-0.7922383985384696,-1.7945639134424263,-3.4528137359863598,0.794756608095537,CHD,2025-05-01
-10.83369710723191,-14.793580325308376,-11.27724468646516,-13.058011824815342,-22.21570415973897,-2.5150474843395165,-5.437550772010257,1.0112797211294655,0.8345774608478962,-12.425063574476791,HUN,2025-05-02
-0.8934590827122335,-2.6145243342816316,-2.8001932190579004,-8.529747056552782,-9.18887210285525,0.5369441257717544,-1.1290419976136779,-3.9266124121715373,-7.312201961513387,-8.94131723338477,CAG,2025-05-05
-0.7180094851615304,-2.1544754806315902,-1.4820892857084322,-5.290742456011466,-6.258961814965103,0.2090593957560949,-1.1867335888089747,-3.456894099918051,-4.008665565179781,-7.495390782400902,DOC,2025-05-05
-11.41272994368181,-12.703227586376286,-11.143691782637221,-10.769899649154436,-5.889381818504691,-2.615678395062959,-2.414197640435378,-1.400028811065468,7.687072311560962,4.20907133604791,MRNA,2025-05-06
-3.5043363261193505,0.9823895330614008,2.3192334779005064,5.950048905806748,-15.840284350922751,2.5446297819661456,0.9443263833911253,3.995052944979327,5.729161799656258,-10.942977454507108,REGN,2025-05-09
-10.139959635731055,-11.322463883650869,-4.217355915987985,-11.78092528243554,-11.703551864693786,-2.026231958455882,0.03558470120430535,7.650807125698856,-3.1908540695322563,-3.832123091793871,HUM,2025-05-13
-4.215947073491188,0.4725736962328142,-0.6915227466878671,-3.528764556529551,6.131937371039541,0.5574429555905258,3.030377261997752,0.9064051548477003,-0.645867848256787,9.375253696405771,LLY,2025-05-14
-2.053890122380564,-2.5379561351555835,-1.9448272132906563,-2.9581882943418014,-5.7973451692214795,1.4378024936905431,0.8328543585319093,1.0722633281719185,-0.8082005808113912,-1.337790634238556,TMO,2025-05-21
-3.316315619021904,-3.708980341118195,-2.613791888328887,-2.750048549798656,-2.5752854922406088,-0.01029518965973697,1.1582295358723238,2.6445423304699345,-0.34863829885909414,1.7923552849620217,ARE,2025-05-21
-2.3897463364013327,-1.8240036119453467,-2.7435913106627297,-5.39594282350202,-0.23983189272778205,-0.17883619828732433,0.041113095707268066,0.09045910357183828,-2.9329469510706807,3.523240757079904,HR,2025-05-21
-1.1057691959831417,-1.733904772888839,-1.2856815832267499,-1.667862973843337,-9.3866270502178,-0.27058753919579903,-0.584631126924462,-0.8067652755112231,-1.9510425372848195,-9.712741548593728,CPB,2025-05-23
-0.07214683992741167,-0.6448175505444853,1.3031362498736598,-0.368982535766893,-3.9490032970740496,-0.7573147426799709,0.15014654053335796,-0.2708330033339035,-2.0493890538524573,-5.310088773827637,KHC,2025-05-23
-6.186277861570344,-6.9624137893467655,-8.503966638140469,-8.66365286381522,-10.734582472931177,0.06597353297221886,-3.8468780005577075,-2.9096739628974744,-5.191236398479548,-4.797722669538418,EXP,2025-05-28
-3.274122904832999,-3.767293231262425,-3.92213832831394,-3.452733815015474,-8.965695821314789,0.2858310258914809,-0.16666334207886546,0.3905251380470931,-2.0828438837609653,-1.328255696570091,CNC,2025-06-02
-0.9069932489355059,-0.1518155268437793,3.040785819973868,-1.803932754591231,0.7062320936379596,-0.6192443697825123,2.235252991561132,-0.7452413924932122,-0.7364640582248505,-0.14752820149595003,OMC,2025-06-05
-6.867625949033784,-8.36287131950899,-12.430543182609142,-12.165460579809352,-16.283940920248742,0.3886619286544768,-3.0677727747616457,-7.667507523981221,-4.82781269641992,-11.921244371228813,PCG,2025-06-09
-16.159289920241005,-13.624619504818492,-15.243241764678105,-14.589949873036655,-11.23949701049154,1.1903557376593765,1.755451458165036,0.3834764276433478,-0.22022039136677662,6.079404486355444,SJM,2025-06-10
-0.21130197290848418,-2.002317051420599,-2.854656720995641,-6.80720375749938,-3.328739507695011,0.30675194915652515,-2.1658434577543684,-3.668095065418542,-8.67874969823701,-3.8894852857445095,CLX,2025-06-11
-2.951865439130108,-1.2925878525119172,-0.15188549899802783,-0.958348907427875,-1.0031860150152783,-1.8126236644516847,3.3915331924192937,2.0252882609702816,2.004316849076271,0.5191179792310097,EIX,2025-06-13
-1.6825468402708599,-2.950587890116574,-2.763278209754161,-5.770266695096993,-9.515283796864594,-1.791598085266155,-1.9589549960972397,-3.037937449490946,-3.2451490895191837,-10.461753153739972,CPRT,2025-06-13
-1.0155567825583356,-0.5467752656943992,-0.6705165803428059,-4.654173490854385,-0.26907700998288764,0.17585423349264495,-0.21462734380305326,0.3964012203576006,-4.831780144672948,-1.325154543432605,GPK,2025-06-13
-1.5462453630546213,-3.97622862742616,-2.7323309071145885,-0.6631426578343369,0.45956831846378776,-0.9327995897852603,-1.1145279000955743,-4.464554763545903,3.1558118071966623,1.6922721127737184,HUN,2025-06-17
-1.261392235872194,0.0822970919420074,-0.7826432056886379,-0.46058577693586233,-1.379877115182726,0.3363663536427475,0.6384390732186995,0.8977177551008131,-0.2844994104866716,-0.003373898174663381,ZBH,2025-06-17
0.013849426963918887,0.0934885094279192,-1.2021135883680034,-3.422046107470622,-9.178248545331291,-0.11692887436788313,0.09434353739390389,-6.336766888814604,-2.6341718002177217,-9.44014675342697,GIS,2025-06-17
-2.769793971745338,-4.834015471763354,-3.4699260544948984,0.576634986889557,-6.220302671773714,-1.1652270984029212,-0.8969701891481829,-2.336611708563252,2.380848823545323,-5.758506664660013,LULU,2025-06-18
-0.3337054307387177,0.9711613714230571,-1.301164256285836,4.146976307366091,1.409379529522381,1.6524490581912632,0.8591973418828669,-1.9749293206274166,2.6332125669802364,1.164311120662398,STZ,2025-06-18
0.18833411635474917,-2.049647251050246,-7.369236631793852,-7.3514588964663785,-16.657729216531656,-0.47610744390107484,-7.044305185488153,-8.58769763982793,-9.512089714150175,-18.594359005075013,CAG,2025-06-20
-1.3222011566419334,-3.0723635884163714,-5.934612420279029,-3.688642474323145,-2.79444052815907,-0.674590577189127,-3.5384672727332034,-4.431765824153533,-2.145885459009822,-1.5030448089504045,TAP,2025-06-20
-22.42271415463377,-24.546189717306078,-23.588325069334395,-30.522719009415145,-50.493318595820114,-1.8862160308473874,-4.614036400792887,-6.504528894489825,-16.90609366597011,-36.70353689200328,MOH,2025-07-02
-11.952730476769347,-12.841472867351222,-13.520120212892419,-14.003377013495456,-28.547865662109263,-2.80779514451055,-1.5456145873137817,-3.442898504390368,-16.028520412331815,-22.13585038792959,ELV,2025-07-02
-2.2857181742307,-2.2102081626626635,-1.2012716088905084,-0.6763605399685346,-3.760028005782301,-0.14573799566276469,0.8245241531346537,1.0138763802363338,1.070066635259792,-0.16323484237239505,PG,2025-07-14
-2.017067361070346,-2.235947811072536,-2.405550984452731,-0.15648092797151403,15.460058690581379,1.490380713024031,-1.8137235648757466,2.794000231451199,2.4394569542504074,20.265435142419207,HUM,2025-07-15
-4.3790320672313365,-2.9037012893169734,-8.037313954017955,-2.539732707849107,-9.96078627180732,-0.8838654139978752,-2.1211380928438217,-2.3509367903694844,2.0228920776885317,-5.240195062822539,WAT,2025-07-15
-4.788223063444175,-10.528323736004374,-4.855909964120131,-16.832809121482118,-14.294562411360346,-3.779512438953525,-4.189736997329829,-8.962179847901153,-10.963188880366648,-10.054040237216899,CNC,2025-07-17
-1.6300341056609824,1.7883385819706055,3.7045118796177112,-19.988115949436068,-15.454802637394515,-0.08695940918734824,3.6056209797839633,2.29672367172733,-18.870592012171315,-16.549862862885,BAX,2025-07-21
-10.825772156195079,-9.579870494550423,-9.809121468828273,-8.378988112539322,-6.62978706684243,0.5099457015158348,0.4805930353935839,0.5218209351726122,3.6411448909126176,4.866444734363018,LMT,2025-07-22
-13.228220197297313,-12.400503051504463,-14.573500760433777,-14.424267459357655,-13.596796168973702,0.5646272911498329,-1.2988349731208437,-2.5656316256497336,-1.6917356331427547,0.3771184660529059,OTIS,2025-07-23
-17.484525349069735,-15.774546320098647,-21.277478462156417,-29.639516579170287,-21.32616799200411,3.1084040657220813,2.059151177271512,-5.1100652660342245,-11.955028121699229,-4.033636641201976,DOW,2025-07-24
-13.371473802404632,-15.43613616076086,-17.129216299336292,-18.891606995816456,-19.012053581685443,1.451187717231539,-3.4439644198593244,-6.2106943473776095,-6.651431780854244,-6.692289574558874,CMG,2025-07-24
-5.712003486488326,-6.418805448779453,0.336754365065528,-0.5875233770566535,11.446714167212768,-0.02886942475854859,4.919530174590503,7.7628386800640765,9.394226675604989,18.50693672326289,UHS,2025-07-24
-18.909285688826717,-26.26926072437099,-28.746966200166213,-31.557961966017757,-29.65706939156092,-3.4505153811786315,-9.009261276346937,-11.928510663935054,-16.98287828896359,-11.459845592629993,CHTR,2025-07-25
-7.1975975121166265,-10.778165363615356,-13.676543063887449,-10.38500593856917,7.19219619053788,0.5942227662055544,-8.076288748300565,-4.063922150848676,-2.3893823819560844,11.897033046342687,UNH,2025-07-29
-3.903115330984364,-4.847877081223128,-3.3218165814851375,-4.923435851744951,-3.46096463386123,-0.47643462121064184,-1.6448556424618066,-0.48321728349585147,-0.1709741989160296,1.0959378252937135,UPS,2025-07-30
-0.8792370929407545,1.1871687036107303,0.1728553782227582,-3.3931547806549167,1.0307005732015817,-1.860838268121201,-3.6885620034376787,-5.1191519576923366,-4.733069239721555,-2.4477473148218687,CMCSA,2025-07-30
-5.431757813321026,-0.7428641696798355,-2.258058994498646,2.423056981781402,1.6703479627571793,3.0607315654039624,5.7866644117253285,3.985944514324813,7.594682418491882,4.834057410931103,BMY,2025-07-31
-1.6775996030105378,-0.6482497606166926,2.058222777333052,1.3163245955681635,3.1164013596431506,1.947614371662043,3.251079360588327,1.6041495174519582,1.2479802512504135,4.785648765501027,CPRT,2025-07-31
-1.8976205932368595,-2.325274039768921,-1.1221639545036188,-1.0145631375898523,-3.4916166259834736,1.0320499420733098,-0.492342749562924,0.7943500532114456,-1.2863012733224544,-3.3783225788781013,CL,2025-07-31
1.557372215548125,0.9973200961450601,2.3618470201977715,-0.6273984715013725,-3.7667080122726238,-1.2745798349433013,-0.9404991646201788,-0.5848079852208699,-1.9598177104888759,-2.8731406879485277,GIS,2025-08-01
-0.2870370197833205,1.9068775101765967,1.326999750291269,6.554644190115422,9.161651428912055,0.14656126107450707,1.1727772756234156,2.3489774500575322,9.716740313870886,10.987046218820318,CI,2025-08-01
-17.394153924586508,-14.802175431743315,-15.644574145295909,-10.588674936569886,-8.765307129538304,0.2208958163497421,0.19626736151499014,0.6603203854459005,6.248659347657792,13.991039938191442,EMN,2025-08-01
-3.4125147980254233,-1.2054252210783267,-2.088749650771482,2.912311472569007,9.60382607895238,-0.22127632367432426,-1.7789424447141933,-0.10569224194585392,4.839792478693861,17.02673001975348,HUN,2025-08-01
1.1435092377839795,-0.5956766057658602,-0.5790556233831401,-2.6590852291654032,-3.754406583070702,-1.3342925859097354,-2.607399848720904,-2.0438587416701237,-3.936345069287528,-3.2382893123757306,MKC,2025-08-01
-4.0932892404979215,-2.4057386687511784,-4.427422741172482,-1.4665152910106727,-1.1935460988262703,0.3390024989924023,-0.47761959991443614,-2.420661547809,3.362423157368921,0.4208337763499381,ADBE,2025-08-04
-6.2372992277650585,-9.023423483047155,-10.648381080856161,-3.568416417846143,4.250014330973917,1.5174871291436465,-2.6779217272613787,-6.81552994476059,0.9736167822877118,9.659587622738707,LYB,2025-08-04
-20.09350714131415,-20.633980634120487,-21.463179751135506,-19.36735414598486,-16.532713679106926,1.8660288122735569,-3.9203248993101347,0.852127274509118,2.1064660860884876,3.0401469122823377,VRTX,2025-08-05
0.1135434718313788,1.0638609665097665,-0.5776926799276216,-0.176916822842621,0.7965034741349797,0.7373838818347078,-1.6970621253737717,-1.1150311899099652,1.6596257931123182,0.175132123205346,CHD,2025-08-05
-7.0814663187459,-11.463805942637872,-10.953514849120062,-8.668222210304744,-9.463988077081787,-2.287413643481362,-4.037776947407979,-0.8193698404505234,-0.35592409792135626,-2.9774429125949187,IFF,2025-08-06
-14.052665993689928,-15.388297430698174,-13.420135251495424,-6.1185946982987405,-2.827208907314871,-5.2606677862915285,-4.0283540753121905,2.4844161209048643,8.08552622416796,8.89738555791233,LLY,2025-08-07
-2.6489193079811235,-5.620630775091551,0.1115695153730778,-0.023020537878926106,2.2928219486660906,-1.6432729310026262,-0.6830650977982522,0.1422279208802779,3.1937678032954775,-14.554268754430844,LULU,2025-08-07
-2.135288992868789,-3.6331124053436414,-2.8968000564109975,0.4596231969488329,1.7330613498333758,-1.1766545556784358,0.21178195210054263,0.26872270614390903,2.458668905447481,3.3090717400358516,CPT,2025-08-08
-2.131119939090609,-3.5457899575620178,-2.9096064579072323,-2.4562461616534303,-6.146742348663392,-1.102171046049727,-0.2585412699667389,-1.9071465419501887,-0.9811150579035255,-6.197159546190878,OKE,2025-08-08
-10.194881056557959,-5.360231469016286,-10.282603805179424,-15.357902952128955,-10.502134087951188,2.351594234376908,2.636127958881107,-2.982466811261708,-3.891318702854818,9.863940858498776,UNIT,2025-08-08
-0.7881445192408187,0.4161256620891063,0.8990039715416343,3.5003723085179406,2.5394306501222985,-0.6653532665713779,-0.14717042352820897,0.21507073382480701,3.903196655018526,4.01115876464877,ESS,2025-08-11
-3.057830751525503,-2.6569436166119287,-0.17999673630701984,1.9588543282752724,3.0612454654019183,-1.639703904689671,-1.2612114330910362,3.547628849969664,5.351962560622914,5.914242944383298,CRM,2025-08-11
-1.2259396946183165,-1.7154373694952874,-0.6834983782995296,0.5392568277790888,1.1400090582943,-1.1656661743030927,-0.3299013438643694,-0.04878213252634822,1.5039287163030046,2.7224166744165057,MAA,2025-08-11
-3.8392773201042507,-1.3152987516156012,-1.8074560905714687,-1.1608764571299335,-1.802332541543028,1.1950152111299017,2.831135167312704,4.606612321494907,2.7364901917092954,-0.48968029266884816,VRSK,2025-08-12
-21.2037509899221,-22.288195791977607,-14.915446982799052,-11.601941489768663,-15.924529768242223,0.8080804318478574,-5.418315122290574,10.656732263305791,11.962741027898337,2.3124932402980525,COTY,2025-08-21
-3.6628383324502245,-3.8081913967262793,-7.245555616271826,-12.037195703673975,-23.003631779073817,0.9191026811399938,2.0715062811600515,-7.462020073290754,-11.037281461101177,-18.692539621385272,STZ,2025-08-26
-7.331884557977686,-6.823878622207912,-6.699380663505039,-12.445280980012175,-18.305388747685758,2.254891825298322,0.32739169735241935,0.5304437530201378,-6.472054501193692,-12.23756415830324,KDP,2025-08-26
-13.448548325746657,-12.765566748645362,-13.410560875153653,-14.106355898054122,-17.933818978758186,1.34885081177053,1.1942941470844848,1.882654494154623,-1.9815891731033264,-4.369685083435826,HRL,2025-08-28
-5.366707988583896,-3.091318403185872,-8.080077192796598,-10.006589646577346,-14.783758574995833,-1.026768089639274,-0.1698775803297803,-2.414121830411098,-6.377744891107229,-10.170108397708233,GPK,2025-09-03
-6.4877653082984095,-1.559743177871964,-1.8973914854037766,-10.451408443705335,-8.991214202354126,2.3025156359907317,5.860237878694341,0.7923176994640846,-3.9937121900158967,-4.7277337577645735,ISRG,2025-09-03
-44.16907508817245,-44.12402862675942,-40.48240871293215,-42.398486807014024,-87.45973874650115,6.443475071370786,12.12128023433523,9.458214279634024,7.206485084313673,-83.38232195973774,CHR,2025-09-04
-9.057990070770227,-8.316896061998424,-9.53886816369025,-13.903550552384969,-26.80005327320095,-1.9523323706372109,-2.2612244663477,-0.29130868854014835,-5.014085059796647,-19.361091434590616,KVUE,2025-09-05
-3.6796658709154717,-6.491211974833222,-7.489463662853657,-7.065119804999809,-1.9762765497722379,-0.48397482537928527,-2.8729847502978467,-4.339054167104961,-1.619861490805885,1.4346444548555493,CMG,2025-09-08
-3.0294020882614903,-3.140263944879773,-4.124673957984948,-9.399859943942523,-2.7789018151344047,0.9579008326249028,-0.7175606807226398,-0.12159492973164987,-5.236992925604655,-1.070299545739517,FIS,2025-09-10
-7.371023788368269,-2.526574703593676,-0.46771868400503624,-3.4133544914519254,6.08819083807286,0.20585076857488893,5.1937432864465505,5.238738169294033,2.3616138643835383,13.575251803523203,MRNA,2025-09-12
-1.9132758315814735,-1.5420469943046022,-3.7703119118613793,-5.380747806186636,-5.995706657850185,-0.9187718972760717,-1.200023836088815,-4.807833605784517,-3.065470484331667,-7.121375881390934,CL,2025-09-15
-4.883365353629321,-3.3729275772552136,-6.269307121394363,-5.663487435573688,-2.928851436755142,1.6503189457383938,0.007491004327708772,-3.415691258092679,0.3461882373158476,-1.7348965111756542,MKC,2025-09-15
-2.386073332601424,-2.1560364772828966,-3.123485264085668,-3.390809849448695,-6.194268279031734,-0.4347023192428634,-0.8103362654497959,-1.2106712938655395,-1.9392839306147436,-4.528774020374837,INVH,2025-09-15
-0.5208608962482209,-1.2281089873739992,-1.2125894431137985,-2.732752035911057,-2.944568298644823,0.09389692514125692,0.034170987681103604,-1.3269874101974222,-3.848504029694866,-2.707144945629858,UDR,2025-09-18
-2.363435168824035,-5.7214233779872,-6.40637843818982,-5.317181446707098,-5.267101444541044,-4.5563209685710815,-3.492288580371128,-3.7778391393121895,-3.5634167489713042,-2.1953766215491055,CHD,2025-09-19
-1.1989004065874664,-6.41257207531396,-4.948938852860296,-2.8662596218866576,0.2665744944457815,-2.6639907378345318,-1.3219180737533587,-2.4716157242526404,-0.20112869410500167,2.5641558309563495,TAP,2025-09-19
-2.2545601071325194,0.5959767433017515,-0.034442468195128306,0.19101661496458977,2.971037495907747,0.7284921487054064,1.605868759383744,2.7065854822502677,1.6670121425947038,4.67126502951023,TGT,2025-09-22
-2.5665938192128035,-1.1665630373285163,-4.139838453856604,-2.3061319653174817,0.907765310575881,0.20888526053898238,-2.355963496211755,-1.5001674374153007,-1.8210093893013535,3.2747151034808963,IFF,2025-09-22
0.32398063382886866,0.23838262972023516,-1.2449480112175615,-2.7646707560081696,-2.035070751162271,0.7385173600379935,-0.5204931652458056,-0.9566551569161308,-3.037123896631455,0.02063397865283978,CPRT,2025-09-23
-0.11067329723485342,0.00811640268398861,-1.0545043177871194,1.468092027649659,0.3137064470768225,2.0196010277730214,-0.009944498728731155,0.04614385914516461,2.8959351477156003,0.9770918398297246,CAG,2025-09-23
-0.47843174193263893,-0.6334052640574961,-2.4122300534812013,-2.654456912624681,-2.579474962825712,-1.260785861372693,-0.6850462244803235,-4.912889803972808,-3.6163799436909505,-2.7976530669587607,PAYX,2025-09-24
-2.7220569816649554,-2.522286157367304,-6.899366662246731,-11.646163309244262,-12.863918727047874,0.4481180943747054,1.5342863739456591,-5.650638867533109,-10.682109579665788,-9.489811759169475,FMC,2025-09-25
-1.1119457051957604,0.3248641775578376,-0.539681036942774,0.9842759047954619,2.776760690308011,0.6115338436557982,-0.28066517817957326,1.7229192987233022,1.0776217481099692,3.101489435364413,UPS,2025-09-25
-1.578834224204262,-2.623312672054079,-2.9533002684536958,-3.679598142390727,-8.517933604705785,-1.0169954394151026,-1.5636371179456487,-1.8971282903467612,-2.4095379567573683,-9.941311199496239,MAA,2025-10-01
-0.8232304058360507,-1.0659735117650837,-2.017388849331303,-2.945183772627069,-8.956094795154456,-1.1568382040247571,0.7317126672199858,-0.5343472141479344,-2.7645013159473875,-9.962314291818918,CMCSA,2025-10-01
-4.412697571410806,0.5190086198352928,0.6251876777012555,-4.9638548830168165,-6.304493670877632,1.9211944363261124,4.901499748982485,5.1202202553704,-0.8121550120955612,-0.1892882954427133,UNIT,2025-10-02
-2.144238279082855,-2.9149961967511073,0.8627244498430775,2.891107542623106,-2.237714575888816,-0.23029221345861606,-1.0823584328363944,0.45883495030678567,4.311469421418835,0.283302389435347,SBAC,2025-10-06
-1.5486314845922333,-1.6768026695760607,-0.008736146172017012,-1.0071863058590647,-6.449902001208874,0.7299773564871548,-0.962116263035373,0.12070081400187282,0.1335254819174847,-4.66887528995783,CPT,2025-10-06
-1.580144967153685,-1.6204041241005607,0.7249237920335494,0.14889304485721233,-2.4773864762036135,1.5514351539581805,-0.0523930922382676,-0.8929591191677022,0.842132044727506,-2.877417107647995,PG,2025-10-06
-1.9338448964052235,1.3439894932415597,1.1083885786139946,0.30512460352221105,-5.832023948536524,0.24978401206329215,1.735559868750336,1.7384872383136019,3.144159933217927,-4.296825131065263,KHC,2025-10-08
-2.9325221530580925,-7.726178175079091,-5.598166416967765,-8.54444823407512,-15.219630575585041,-4.603153583494246,-5.1763249190023295,-2.5421545088918918,-0.20355839164980516,-15.170162962930943,HUN,2025-10-09
-1.6781632320344686,-0.7669999706382824,0.06447927775095064,3.707868430227479,-1.9431895110518904,4.307599138931318,2.7681668506794987,4.242125328560197,3.7220270506345576,0.6281520926631035,CPB,2025-10-09
-1.2715038763064124,-2.3862555548672892,-3.6007211513058968,-3.065782680350515,-7.676121527777391,0.012640214913617331,-0.6694656257326015,-3.756490437969173,-1.8358691534201887,-2.8751583594036734,OKE,2025-10-09
-0.6179601464898488,0.9210532980416963,1.384968380765761,-1.6794940245474121,-12.751318697209769,3.2529876221628284,2.0048506510771946,-3.6739411546663603,-2.960363358313034,-11.812286983182151,VRSK,2025-10-09
-3.087025848365888,-0.7881962334637782,-2.22948830647135,-1.8934723399379516,-10.97047680513742,0.15789688486487208,0.9086432978643533,-0.22466809827146328,0.882950243598768,-8.199310163359453,LYB,2025-10-10
1.0482433916368161,3.0477625878593373,7.2831545944039515,7.005110139899573,3.185073153814433,-0.037899032273003286,3.225024697621026,6.515051983703279,5.471542497923721,5.773750986651605,SBUX,2025-10-10
-1.219309114227951,0.7798316235163916,-1.4681370746501332,-0.30430691521806663,-7.9458704507354145,-2.4983398652403954,-1.1169771084675872,-1.5483570015444759,-2.2783454787250745,-9.675230736345908,WHR,2025-10-10
0.6745872869221903,-0.7718618289866863,0.8996194498110843,2.3840121946566706,0.17612695441578952,-2.809407617349846,-1.9855711545323285,-1.6661418863052502,-2.810446925295129,-1.0487564807599714,SON,2025-10-10
-2.2929548336445116,-0.9551454847202434,0.7856097928995887,-2.037025177856999,-8.755236237266894,3.2256098428894875,2.7326536876679297,2.030068508424243,-1.0206491899493075,-7.300961751649549,HRL,2025-10-13
-2.173060307645136,-0.717277296878438,-1.3886872402300021,-4.840444769770558,-7.109200841007112,0.28436716805220197,0.9782184513261294,2.2768346921981486,-6.117130924150094,-5.660406266262729,GIS,2025-10-15
-6.2259819657350945,-6.478419820001647,-9.188394676779787,-15.60052314888214,-11.659663975159996,-0.6582314468013495,-3.3108963008808168,-1.3386706535580162,-10.806592330785525,-4.01909113298915,PGR,2025-10-15
-2.024591652627483,-1.1239332254015744,5.064590357049004,3.3857503821386414,-3.9460456675113,-0.7057692645566993,1.9359158910302376,5.664040696549799,-2.1424005172645977,-1.7821630114888576,ADBE,2025-10-15
-2.8040002843786715,-5.854291642205601,-7.811474277561037,-12.034187713587174,-22.200154378158366,-1.1332332854018357,-2.4290431039540317,-5.878043552998413,-12.20563995746068,-21.285704909821025,CHTR,2025-10-16
-1.4818875989185853,-5.968533867603265,-3.6364170965224374,-6.4011568737707645,-7.6075108726216705,-0.2655925971395856,-1.605911141595573,-4.9995722253434405,-8.584473450256992,-5.88778416372756,CLX,2025-10-27
-19.43857943408446,-26.82061546140416,-28.20609132470134,-29.76520844473488,-31.814320976842534,-5.578587544916025,-5.670971278302506,-11.47897661491102,-11.22580687273619,-13.601316849823386,ARE,2025-10-28
-5.726755482634083,-7.766321304147693,-6.973926193479862,-6.787665142434374,-8.270225654302653,-1.5266644595499312,-0.9437501334287446,-6.315623954295968,-1.3859360606202742,3.552443519110615,DKNG,2025-10-28
-2.4401689136095195,-0.5978734625194715,-1.2575766741045658,-0.41174010107492,1.0276053213408076,0.23827505589717468,1.2199501376497057,1.9040524926908664,0.875672120199289,4.883172386956058,STZ,2025-10-29
-6.767289639896424,-4.444411701270079,-2.4962167709531746,1.273457885539797,1.3276947752173696,1.5344531329749,0.7179830905028384,5.660886833050915,7.199609647577033,6.369538838309308,FIS,2025-10-29
-6.631733711851573,-6.1849600179285975,-5.578542534680553,-8.145615930984308,-6.587205044647659,0.8366710083964612,-1.3366579782393084,0.41654377147907207,-2.34166257410493,-1.8872852861043232,ADP,2025-10-29
-5.725906877282927,-6.630317946607233,0.5036940344308904,-5.956017840543993,-4.910422529524661,0.5428781188659859,-2.504861787764323,6.625166304243846,-2.3250451913986003,0.9359948763150383,GPK,2025-10-29
-3.549889518849192,-0.9821886695245974,1.8804490622966297,2.761530606357987,3.708278733146453,0.9638982116525252,2.2521331096102326,5.504518593937712,2.506128982600375,5.902572235234516,ESS,2025-10-29
-0.5618280906871664,8.31765093016158,8.189320068199567,14.369531617300336,16.30166124003449,6.530820737298193,6.944630789707196,8.822560301526961,14.010680066268012,14.941833850795971,BMY,2025-10-29
-3.328661024420254,-1.4560784943641547,-0.01786822566139934,0.12085873212823728,7.62810631393922,2.3977932585061867,-0.0320225445649025,2.7099619237497596,3.5126503936176445,10.894353001489554,WM,2025-10-29
-2.3172753694043924,-2.3694659362027193,0.40177167905902644,-0.9730232631278257,0.1577823974960979,1.9166499420890326,0.3692736441759825,2.212563689932423,2.2170372902143964,1.4986419736797485,AMH,2025-10-29
-17.084294482664728,-20.16029870836841,-18.16541072314316,-20.643995563903005,-13.289831521673735,-2.850307281745157,-1.6933165653151616,-4.597792692922931,-2.329973284041653,5.659066656405232,CMG,2025-10-30
-16.291195033668835,-12.95052323379866,-11.791632314584156,-8.947929056338577,-5.822052404493361,-1.7994288859355612,7.3671196665578975,4.754390335900416,10.34932136361083,11.255756201213352,CI,2025-10-30
-11.561271059301026,-15.915440660306922,-16.456649219337017,-13.117749147577872,-8.788126943892294,0.4544574937329626,-3.967475369728202,-3.2944690663197607,-0.027827917947209624,3.723601439187041,IP,2025-10-30
-13.440779272342951,-18.188687367870614,-18.51041206339926,-16.008957873240238,-14.534020784491842,-2.13556316517749,-3.9500079691244583,-3.012189671937282,0.5610891393807993,-0.8430828417571146,BAX,2025-10-30
-0.3820226992544695,-3.026810739225849,-2.9136762058662007,5.902692332592229,5.398040930582604,-0.9140339075727533,-0.6566805943479803,7.453136256120718,8.9362066089404,6.455279229259658,APD,2025-10-30
-4.627662627953001,-7.677588840176265,-5.142609279370081,-11.426866121937884,-6.334063925089484,0.9691353682937942,1.065648545550224,-1.2336658610402673,-7.206213344233415,-2.403210811004375,MOH,2025-10-30
-1.3313049088935491,3.996263807654754,7.595763388851074,7.706610960851346,7.558873694157264,2.2733117818865,3.9669827879917796,8.703969621821617,8.187670872904318,7.903753908379796,TAP,2025-11-03
-3.9274215686910696,-2.347763870395858,-2.2982033435472893,-5.087026402244866,-7.939957056792002,2.0139968464300884,1.4208796406693036,1.0453024784407128,-0.8182633989705645,-3.1724647050996535,MSI,2025-11-03
-3.7776625282770926,-3.245345427545965,9.066135252329033,2.7859530679483324,9.081385573974465,4.050371199188008,1.3834037211809536,14.024620672014299,4.321377825819839,14.782786043683249,CE,2025-11-03
-2.8742268321826914,0.47512596350545167,3.8452872126818805,2.7830659738353525,4.013243107023623,2.1748007132081026,3.846113291750186,3.8004672339953083,6.556784786252912,4.249042490878818,CL,2025-11-03
-3.3916517764661647,-1.8711243954692813,0.17392948056179636,4.355970083843519,-0.8783647085439328,2.1940203677443426,0.33015552386489455,1.0810603405358443,8.270584172764972,3.6635168605261836,TMUS,2025-11-03
-2.9262419998385303,3.294607013334494,4.532542942759143,2.7116959773303417,4.345096899006107,4.36185013833823,3.2147778411570793,4.796481885919778,0.2416885468276897,3.8660385996066027,EMN,2025-11-03
-0.4051139435715112,-9.367195786178407,-9.486613327871384,-8.644899163684615,-11.920455902148197,0.9939245050231138,-9.92035622841031,-7.184082845146811,-8.759943778195534,-10.293886466064006,PAYC,2025-11-04
-7.32075082729634,-6.663887051368679,-7.162377528401798,-6.837406456849237,-6.211396770318755,2.543544744422266,0.8011227920080688,-0.8257765931225514,0.5574705080170772,0.20313960972508927,CDW,2025-11-04
-15.494828320219945,-13.595188330978292,-15.37678638016211,-11.420306517375744,-11.050370496888263,3.9078410576077194,2.5208370603855945,3.744916126169251,6.133414631056311,7.232437118215485,ZBH,2025-11-05
-50.34654766561542,-56.510487855598434,-65.4349430476394,-62.040591417323284,-72.70960569071036,-13.21277789879054,-14.855383354142525,-29.42742169492837,-12.079334268254204,-43.862187973276434,CHR,2025-11-05
-1.9891534267735156,-2.635565974047671,-0.018033984125120917,1.3329200871528224,-1.4491734589275218,0.049513467663198085,1.8015952110216782,1.55071937100274,0.5896789044614881,1.0317001443048257,PAYX,2025-11-10
-6.893762467613418,-1.3162398051107305,-6.809739441354878,-13.953822708936816,-12.820155417685765,0.3344439665223353,3.6329473680069446,-3.319593076246807,-9.402438882403843,-7.277059549517351,COTY,2025-11-10
-1.905300699562773,-3.931001864565809,-5.79886357762619,-2.196494669463611,-5.471002938083092,-0.9338959705014749,-3.9539479839481246,-1.2755785356210692,-1.0380306864141264,-4.191080532185243,CARR,2025-11-14
-5.90289332795667,-7.3209741482427315,-6.353541746254365,-1.6728648958416525,-6.921184093932264,0.450958768319043,-3.3137642857204885,2.0286506815809346,4.149324031795643,0.349852456118227,FMC,2025-11-17
-5.947676275977532,-7.058725500304041,-6.502101029038009,-3.0399140214025344,-5.74943401577841,0.7276494178522608,-1.703176791748351,0.10086029128308915,3.622159827336424,1.1585843964291964,SLG,2025-11-17
-2.65320945023112,-2.4739101999877944,1.919834349992422,3.2654391009967254,3.6693329569541744,1.15867863267064,-0.6483069598353985,3.331957135489061,4.598311872524663,7.047964230389714,AVNT,2025-11-17
-3.093415541649913,-0.22595117140420395,2.814289970703865,1.2729620495485428,7.345898272122796,2.3231488717238347,5.1055710033967365,7.390783055734773,2.8385686312005998,12.476403334254393,EQH,2025-11-17
-0.7131150031480238,2.5192760788720125,-0.4478407597549694,-3.1714121130874684,-2.3685460926239688,2.7923400383033647,1.0359435913462667,-1.3774348938550673,-4.080986971832356,-2.7770547083497688,INVH,2025-11-19
-2.7931624251562814,-2.5775405207187907,-1.997852795362176,-1.371592466341287,8.837540086957985,-0.16825486171033743,-1.9805441632303356,-3.052906171942471,4.659419119512265,10.5683728024345,CRM,2025-11-19
-2.177251825068327,0.12251851746322151,-4.748760263784413,-3.3513062873582466,9.1037698275795,0.22696746396494438,-2.8479292992720895,-4.092729560955222,-2.468460497623748,10.105575343468963,CMCSA,2025-11-19
0.389174401549397,-2.2589033821446947,-3.8557511960027213,-5.215898277338682,-0.31393889053736856,0.31960744760306525,-3.331217768290884,-4.00758925693232,-6.63765015738802,-0.7785247380704297,LIN,2025-11-20
-1.2638791230625723,-2.7095999771194146,1.7484806763803595,3.1171397873053674,12.978742054266812,2.7698741191915177,-0.9122435263098527,2.5895333491189554,4.096378399685484,11.462198365714382,TGT,2025-11-20
-6.002657631668541,-1.0446445966791895,0.8595072609037357,2.1338182960992214,25.9097038994061,4.944037857788008,7.09383319893493,11.304667679555982,18.634205367733014,46.35187105193119,MRNA,2025-11-20
0.9087159297680558,-0.16995479580743655,1.410198998685197,3.571767949388982,6.27965188645987,1.193662232144721,1.3067099238552649,0.5282101143940343,-0.5968351499270774,4.067004148651022,DPZ,2025-11-20
-5.940310761964629,-7.994677236742964,-7.102120672182199,-9.428799232395091,-7.585521498515735,-1.221421005373713,-2.6772781152086256,-2.45019812750058,-4.003551169643216,-3.2306372485732315,CPRT,2025-11-24
-2.905668515518789,-2.104494348756747,-1.7824440577229872,-5.010825630242833,-9.673466117429285,-0.07555292866039398,0.845034807571543,2.0750600891302318,-1.939117804388557,-6.773964638168906,COST,2025-11-24
-2.607143774826126,-2.9213412522416715,-2.852108767525796,-0.08886038055760936,-2.1390118272830216,-0.12935925733310594,-0.9791511561053179,-1.2194021966418167,2.3859602440814864,0.5147988124441838,GIS,2025-12-02
-1.6816872550697415,0.7082658459671043,-6.101107033118846,-1.9605531700425671,-7.327970283225249,0.9374854702833613,-2.5359341001244706,-3.5682631901712614,-0.8243193740319343,-9.666300258612903,CPB,2025-12-04
-0.977959939926687,1.0220321368580754,-0.3088151474385237,3.895320737140817,4.094147889791899,1.7468516151724511,2.008966519801725,2.9634743845033285,3.4376844392286277,5.337553093073888,EQIX,2025-12-04
-1.1336343848700414,-0.7729644477980413,-0.24180160854350152,8.891191127845854,5.4741659168585866,-0.4106284855019071,0.26030098971706606,3.242299806641924,9.070224191116472,3.4734127815400972,MKC,2025-12-04
-0.9932958484187626,-5.667127472038114,-5.234446831147033,2.576087919811665,-3.543459225013934,-1.3679635510663313,-3.612348520007269,-3.7295709595392523,1.4052348758961664,-4.083301053344968,PG,2025-12-04
0.027250947193835362,-2.131772325598813,-1.0112776686399094,-0.2962038609471418,-4.276704339168457,-1.2268581049755256,-2.7071627421852873,-0.6154004487096576,-1.4199467109775044,-6.358622830249794,MDLZ,2025-12-08
-3.5869288509864927,-4.522747770695257,-4.139889070310487,-4.550536320874943,-2.3626680114196996,-0.7467349236198184,-0.9575325143191926,1.1886747832143163,-1.8788587892731745,-0.4180548944185736,LNG,2025-12-10
-3.6444407492144837,-2.5083334844674843,-3.2690546941627763,-1.4756329209411723,2.826413225624158,3.7765633689009426,-0.6280269833121799,0.30255473694360546,2.1948001445392773,3.6208218901642386,EOG,2025-12-16
-2.856301711030995,-5.236706404749169,-3.5615790462793506,-1.4606423960594972,9.511940262540476,-0.37298367863254356,-1.250954471661192,-0.6917178991689532,1.476428746767855,11.885150993821416,DOC,2025-12-19
-1.9929736198551429,-3.9710602912502058,-3.2127316764346325,-0.061845769031054765,10.054067206050865,-0.5617674021134,-1.2241671547249533,0.24961109094723266,1.0147061546741387,12.089186650557917,CLX,2025-12-19
-3.301119263479757,-11.432398556647028,-4.253658899315537,5.4257792735631805,0.3218612107822816,-12.231046459384409,-9.274116696918188,-8.016405536510318,25.171549398656623,0.6482168858110926,CHR,2025-12-26
